"CityName","Locality","CityTownName","1981","1982","1983","1984","1985","1986","1987","1988","1989","1990","1991","1992","1993","1994","1995","1996","1997","1998","1999","2000","2001","2002","2003","2004","2005","2006","2007","2008","2009","2010","2011","2012","2013","2014","2015","2016","2017","2018","2019"
"新北市","板橋區","新北市板橋區","422260",440180,454948,467754,479748,491721,506220,519634,531065,538954,542942,543982,544067,539115,530003,524323,519459,520286,523850,529059,532694,535476,539356,541512,542319,544292,547625,550767,552884,554596,555335,557440,556920,555914,554236,552285,551480,554742,556897
"新北市","三重區","新北市三重區","334726",340581,342980,349927,353957,358812,362171,366819,370957,375996,378397,382003,383943,382880,380099,377498,378502,378671,380084,382266,384051,384217,384618,384092,383959,383636,383621,384722,388304,389968,390421,390090,389813,389325,388447,388581,387484,385826,386336
"新北市","中和區","新北市中和區","279664",294621,304430,315857,324930,334663,343389,355400,365225,374339,379968,383516,387264,387123,386347,383715,385912,388174,392176,398123,401619,403510,406325,408126,408989,411011,410183,412060,414535,414356,414939,416499,415742,415226,414304,414266,413590,412486,413069
"新北市","永和區","新北市永和區","213787",221298,226937,230057,232519,238677,242252,245908,247939,249736,247473,246355,245743,241104,233082,230734,228909,227673,227700,228099,229383,230660,231816,233384,235059,235697,236413,236598,236812,234536,232386,230768,229062,227267,225409,223999,222585,221098,220595
"新北市","新莊區","新北市新莊區","191073",202211,213235,222894,232438,243706,259001,275936,287645,299174,308293,314980,321970,328758,339143,346132,353878,359367,365048,372175,376584,380334,383745,386941,389074,392472,396337,398317,400848,402204,404089,407012,409760,411711,413243,414156,416524,417754,420473
"新北市","新店區","新北市新店區","171315",178173,184126,187637,190579,198125,205094,210942,216757,225517,233277,240558,245897,248822,250559,254078,259166,261024,263603,268290,272500,275467,280661,285186,287472,289366,290590,292693,294602,296411,296581,297637,299017,299730,300267,301168,302089,302231,303445
"新北市","樹林區","新北市樹林區","77378",81452,85496,89389,92414,95557,98757,102883,106951,111993,115581,120115,124857,129220,135322,140110,144566,147071,151260,154158,156159,157913,159101,159930,160762,162476,164723,168689,172300,176077,179788,182012,183407,184167,184249,184400,184149,183946,183926
"新北市","鶯歌區","新北市鶯歌區","48870",51253,53299,56338,58671,60336,61992,63221,64581,65934,67214,68275,69429,69667,70908,72300,74861,76944,78581,80397,81643,82498,82604,83468,84443,85001,85656,86258,86589,86821,87683,88336,88637,89075,87965,87231,86593,86361,86869
"新北市","三峽區","新北市三峽區","52435",53606,54197,55145,55397,55791,56338,57123,58418,59939,61627,62993,64554,66361,69989,73462,76696,78770,80936,82880,84189,85185,85964,86958,88764,91395,95024,97967,100637,103450,105629,107794,110010,111588,112708,114180,114926,115820,116478
"新北市","淡水區","新北市淡水區","66589",68484,70083,71549,72881,74249,76060,78237,80094,82986,85980,88127,91642,94293,97254,101199,105780,108467,111882,116107,119533,121405,123646,126132,128087,129898,132101,135355,140156,143481,146756,150687,155241,158953,162221,165765,169597,173502,178610
"新北市","汐止區","新北市汐止區","67996",72002,73130,75908,77067,79293,81015,85001,90198,93305,97261,102041,108489,112396,118939,127924,141470,147507,154976,161550,165143,167224,170765,173890,176130,178846,180993,183441,186979,189618,190679,192676,194200,195140,196028,197749,199321,200535,203429
"新北市","瑞芳區","新北市瑞芳區","65763",64706,63136,61527,59819,58662,56837,54828,53964,53505,53174,52921,53135,52859,52630,51356,50085,49023,47825,47078,46515,46314,45804,45195,44397,43831,43526,43088,42713,42432,42031,41617,41490,41315,40976,40600,40353,39982,39536
"新北市","土城區","新北市土城區","60398",69484,76565,84555,93477,102973,110796,120282,129424,136928,142348,148111,155814,171629,188170,202436,213169,219793,224897,230208,231938,234125,235729,236202,236345,237000,237443,238230,238897,238477,239156,239717,239258,239270,238703,238500,238067,236901,237696
"新北市","蘆洲區","新北市蘆洲區","48568",52894,56795,60878,65757,71042,78074,88428,97874,104972,112560,119354,125890,131956,138727,146144,152384,155843,160516,165595,169316,173209,177232,181608,185796,189403,192066,194686,197043,197793,198373,199490,199426,199750,200095,200702,201309,201332,201883
"新北市","五股區","新北市五股區","35644",36576,37211,38238,39188,40428,41800,43252,44712,47015,48796,50453,52480,54413,57017,59218,63647,65940,67977,69784,70649,71606,72911,74307,75609,76470,77329,77754,79149,79958,80518,81225,81744,82255,82923,84134,84919,86329,88000
"新北市","泰山區","新北市泰山區","40576",41870,43074,44466,44915,45993,46569,48388,50420,51998,53658,55520,57295,58336,59550,59787,60763,61446,61913,62305,62783,63499,65649,67787,69741,72589,74422,75830,76491,76470,77057,77617,77939,78370,78707,78817,78911,78708,78751
"新北市","林口區","新北市林口區","23986",24370,24535,25946,27240,28245,28818,29591,30738,32037,34125,35884,37640,38435,41214,45026,47066,48442,50118,51214,52651,53889,54848,56423,58777,62126,67127,72964,78462,83165,86628,89886,94108,97645,100350,103219,106101,110081,115582
"新北市","深坑區","新北市深坑區","10620",10532,10855,11262,11803,11455,11601,12002,12416,12919,13409,14073,14929,15785,17560,18581,19456,19440,19816,20079,20264,20433,20745,21167,21412,21722,22301,22829,23108,23241,23531,23569,23622,23636,23594,23683,23660,23634,23725
"新北市","石碇區","新北市石碇區","8944",8690,8312,7870,8343,7618,7291,7009,7054,7059,7065,7250,7674,7674,7691,7658,7537,7443,7266,7319,7612,7668,7700,7692,7782,7860,7846,7847,7973,7973,7887,7895,7848,7864,7855,7736,7683,7731,7629
"新北市","坪林區","新北市坪林區","6729",5741,5606,7467,18504,8321,7794,6352,5836,5795,5763,5826,6108,6041,6000,6002,6008,6069,5996,5916,6071,6207,6194,6303,6735,6650,6607,6541,6549,6537,6533,6483,6460,6455,6490,6538,6528,6612,6689
"新北市","三芝區","新北市三芝區","16600",16652,16742,16934,17006,16821,16623,16503,16641,16933,17234,17440,17959,18517,19176,20159,21459,22068,22384,22644,23027,23024,23224,23342,23566,23575,23613,23479,23369,23263,23319,23460,23464,23480,23487,23369,23200,22978,22768
"新北市","石門區","新北市石門區","10480",10233,10222,10022,10029,9951,9697,9464,9502,9458,9452,9860,9952,9870,9915,9984,10034,10265,10860,10859,11158,11381,11306,11311,11626,11703,11857,12023,12380,12700,12841,12798,12794,12733,12641,12496,12286,12115,11834
"新北市","八里區","新北市八里區","14860",15238,15551,15774,16143,16350,16393,16557,17059,17357,17648,18005,19667,20844,22302,24119,25470,26294,27576,28519,29624,30366,30955,31453,31989,32470,32738,33231,33958,34791,35423,35721,36201,37187,37678,38167,38493,38906,39531
"新北市","平溪區","新北市平溪區","10481",9898,9500,9026,8567,8162,7707,7330,7577,7103,6969,6925,7236,6855,6608,6339,6400,6227,5961,5793,6257,6029,5845,5789,6313,5855,5627,5520,5447,5344,5197,5109,5002,4954,4874,4778,4719,4666,4546
"新北市","雙溪區","新北市雙溪區","16239",15841,15372,14767,15089,14325,13595,13055,12815,12399,12145,12051,12075,11359,11026,10721,10951,10446,10181,9976,10483,10237,10061,9983,10371,9986,9963,9877,9832,9729,9555,9465,9412,9450,9245,9074,8939,8860,8665
"新北市","貢寮區","新北市貢寮區","17180",16960,16408,16082,16254,15659,15024,14585,14380,14209,14166,14289,14293,14129,13897,13848,13715,13616,13704,13550,13784,14439,14077,14091,14255,14006,14032,13970,13876,13776,13538,13412,13306,13115,12860,12706,12552,12301,12033
"新北市","金山區","新北市金山區","19564",19478,19505,19376,19272,19156,18813,18726,18621,18728,18751,18912,19457,19466,19861,20128,20797,20824,21155,21293,21611,21802,21851,21910,21972,22191,22215,22306,22408,22380,22447,22486,22392,22400,22260,22207,22015,21774,21396
"新北市","萬里區","新北市萬里區","18982",18989,18825,18703,18556,18340,18119,17831,18134,18553,18755,19215,19543,19312,19126,18816,18653,18678,18770,18574,18480,18698,19061,19038,19805,20231,20635,21085,21604,22009,22204,22429,22618,22678,22642,22490,22296,22068,21872
"新北市","烏來區","新北市烏來區","3151",3116,3116,3048,3120,3079,3041,3039,3208,3193,3247,3312,3627,3512,3500,3502,3742,3813,3906,4086,4531,4631,4740,4879,5128,5337,5402,5603,5748,5811,5927,5975,6036,6165,6187,6212,6320,6438,6433
"臺北市","松山區","臺北市松山區","(詳右表16區)",NA,NA,NA,NA,NA,NA,NA,NA,218133,217353,213639,213090,213496,211064,209932,205823,208198,207615,207303,205031,205289,205593,205962,208101,209422,210986,210097,207995,208434,209948,210905,210343,210473,209714,208326,206988,205702,204193
"臺北市","信義區","臺北市信義區",NA,NA,NA,NA,NA,NA,NA,NA,NA,245235,245447,247726,245255,246925,243780,240212,239888,242500,241917,240294,237530,237362,234590,232506,230780,231476,228868,227770,225364,225092,226541,227734,228496,229657,229211,227823,225753,223406,220021
"臺北市","大安區","臺北市大安區",NA,NA,NA,NA,NA,NA,NA,NA,NA,354704,352107,341765,335993,337309,329516,317201,314217,319003,317110,316977,315818,315714,313011,312554,312166,314171,314924,313848,311612,311565,313846,313426,313363,313693,313058,311506,309969,308843,307631
"臺北市","中山區","臺北市中山區",NA,NA,NA,NA,NA,NA,NA,NA,NA,237280,235963,232683,226775,226566,221585,215980,212238,215168,214652,215532,216043,217569,216999,216868,216906,219582,218483,218841,218245,220126,224102,226659,228753,230496,231350,231247,230710,229456,227387
"臺北市","中正區","臺北市中正區",NA,NA,NA,NA,NA,NA,NA,NA,NA,185263,183668,181233,175261,174708,170853,166892,164955,166532,165324,163090,161635,161808,159599,158486,157335,158604,159486,159337,158752,159536,161449,162154,163140,163388,162475,160403,159608,159000,158014
"臺北市","大同區","臺北市大同區",NA,NA,NA,NA,NA,NA,NA,NA,NA,151188,149817,147505,140922,138170,135098,134183,133661,134563,133503,132694,131343,131077,129440,128512,126810,126923,126128,124653,123399,124600,126640,128809,129820,130973,130929,130071,129278,127625,126043
"臺北市","萬華區","臺北市萬華區",NA,NA,NA,NA,NA,NA,NA,NA,NA,232934,230801,228384,220896,217632,213983,211091,208464,209780,207943,206855,204024,203451,200266,197445,194743,194879,192470,190361,188437,189099,190855,192628,193480,194715,194339,193539,191850,189603,187076
"臺北市","文山區","臺北市文山區",NA,NA,NA,NA,NA,NA,NA,NA,NA,226505,225755,226295,223822,223003,227707,229992,235361,243939,248602,253131,253920,256528,256506,258046,258953,261417,261666,261719,260869,262307,266442,269310,271341,273921,275367,275231,274424,273762,271806
"臺北市","南港區","臺北市南港區",NA,NA,NA,NA,NA,NA,NA,NA,NA,117134,117764,117698,115177,113412,112411,111733,110982,112699,113070,114144,113937,113839,113122,112982,113052,113258,113716,113672,113149,114023,116131,118490,119752,121257,122245,122516,122155,121670,120297
"臺北市","內湖區","臺北市內湖區",NA,NA,NA,NA,NA,NA,NA,NA,NA,207525,214750,215529,216149,219951,226055,231972,237349,244642,249588,253584,254521,258611,259789,261201,261837,264624,265518,266808,267704,270245,275652,280025,282842,285767,287566,287733,287771,287429,285795
"臺北市","士林區","臺北市士林區",NA,NA,NA,NA,NA,NA,NA,NA,NA,300478,300512,301068,298419,299127,298255,294405,293731,296810,295209,294443,292096,291493,289194,288921,287753,288212,287048,286065,283855,284539,287072,288894,289742,290455,290694,289939,288295,286544,283459
"臺北市","北投區","臺北市北投區",NA,NA,NA,NA,NA,NA,NA,NA,NA,243280,244055,242548,241486,243279,242556,241781,241824,246105,246779,248427,247904,249115,249029,248989,247939,249674,249976,249752,248047,249206,252290,254192,255444,257520,257862,257370,256456,255532,253319
"桃園市","桃園區","桃園市桃園區","185257",190535,195895,200829,204700,210753,220255,228404,235521,241263,246056,251520,256612,260680,271536,283861,294974,304857,316438,328754,338361,347160,357647,368765,377345,384803,391822,397056,401096,406851,410113,413488,415414,417366,427145,434243,440840,447302,452824
"桃園市","中壢區","桃園市中壢區","215414",221962,228567,233392,237271,241476,247639,254771,262653,269804,276878,282643,289054,295825,301287,306473,310723,314017,318649,324931,329913,334683,339586,346144,350981,355707,358656,362129,365109,369770,372429,376217,378918,381449,389782,396453,405216,412063,417380
"桃園市","大溪區","桃園市大溪區","69014",70237,71923,73082,73729,74087,74209,74811,75371,76602,77658,78545,79355,78711,80993,81646,82119,82443,82925,83348,83631,84265,84497,86070,87591,89365,90393,91146,91875,92081,91979,91891,91961,91887,93343,94102,94451,94885,95550
"桃園市","楊梅區","桃園市楊梅區","82341",84327,86026,87079,88720,89763,90717,92403,93853,96492,98943,101247,103216,105696,108249,113606,118958,122950,126323,129419,131694,133432,134937,136178,138258,140641,142895,145347,148092,150926,152441,154324,155754,157200,161098,163959,167639,170380,173049
"桃園市","蘆竹區","桃園市蘆竹區","49053",50161,50867,51266,51739,52105,52302,53494,54621,56302,58156,60119,62510,65447,69825,75345,81025,85764,91664,98039,103095,108452,113535,118581,122947,127765,131942,135768,138727,142120,143886,146779,149852,151354,155403,158802,161912,164384,166406
"桃園市","大園區","桃園市大園區","53550",54345,55397,56123,56669,56995,57089,57543,58186,59669,61219,63128,65212,67103,70210,72138,74009,75476,76482,77186,78163,78837,78967,79404,79683,79354,79627,80274,81309,81966,82136,82756,83586,84531,85565,87158,89281,90888,93078
"桃園市","龜山區","桃園市龜山區","74779",78104,80228,83701,85392,86022,86897,87865,90185,93886,95756,98134,99438,99102,103481,106052,108866,110352,112195,114391,115466,117969,119843,122705,125214,129846,131691,133977,135692,137996,138355,139605,140509,141998,145580,152817,157633,160591,162921
"桃園市","八德區","桃園市八德區","95934",102061,106945,111338,113886,117487,121514,125273,129247,133720,135897,137953,142822,152821,148899,151759,154412,158133,161700,164933,166355,167085,168910,169703,170695,171697,172125,173585,175127,176868,177435,178889,179502,181431,187420,192922,198074,202198,205974
"桃園市","龍潭區","桃園市龍潭區","61312",64335,66627,69328,71097,72498,74068,75851,78020,80335,82698,84572,86389,88249,90366,93716,97343,100280,103088,105723,107055,108530,109554,110222,111148,112072,112758,113633,114266,115166,114958,115146,115728,116211,118433,120201,121822,123175,124031
"桃園市","平鎮區","桃園市平鎮區","102899",110071,115674,121585,126348,130386,134925,138720,142924,147030,150703,154585,158621,163549,170038,175363,179830,183905,188344,191948,194521,196408,198273,198353,198375,200331,202680,205266,206471,207457,208561,209552,211146,212328,217887,221587,224219,226412,228436
"桃園市","新屋區","桃園市新屋區","46080",45836,45497,45371,45401,45050,44901,44758,45011,45336,45750,46775,47420,47881,48314,48998,49243,49050,49195,49100,49079,49454,49578,49593,49634,49844,49961,49683,49576,49112,48652,48276,48025,48058,48409,48772,48953,49210,49256
"桃園市","觀音區","桃園市觀音區","45758",45494,45081,44850,44613,44069,43635,43483,43486,43469,43911,44775,45896,47200,49085,49808,51138,51893,52699,53486,54227,54942,55473,56300,57552,58901,59799,60368,60831,61077,61676,62612,63003,63602,64785,65555,66472,67358,67956
"桃園市","復興區","桃園市復興區","12230",12108,11982,11808,11684,11518,11352,11250,11281,11267,11540,11550,11641,11691,11844,11691,11831,11864,11590,11359,11403,11386,11275,11011,10893,10835,10619,10454,10611,10670,10684,10626,10625,10913,10930,11192,11505,12026,12176
"臺中市","中區","臺中市中區","40460",41406,42409,42569,43646,43656,41381,38270,37177,35702,34447,33564,33291,31772,28282,26815,25554,24700,23557,23096,23420,23536,23535,23762,24062,23527,24010,23603,23228,22472,21610,20647,20008,19323,19020,18708,18450,18514,18390
"臺中市","東區","臺中市東區","78832",79288,79113,78655,77918,77842,77452,77237,77144,77365,76654,75909,74999,73406,72098,70808,70737,70104,70277,70575,70662,70146,70342,70529,72374,73091,73748,74072,73891,73969,73960,74282,74572,74922,75182,75396,75811,76175,75943
"臺中市","南區","臺中市南區","64516",65532,65623,66263,66361,66906,67676,68538,69383,70058,70868,71871,73321,75663,79671,84030,88032,91182,95450,98779,100747,103189,104911,105943,107272,109243,110358,111878,112722,113659,115032,116807,118349,120128,121786,123502,125067,125874,126571
"臺中市","西區","臺中市西區","99559",102233,103824,105392,107369,108566,109716,110432,113332,113049,111233,112308,111749,110793,109797,109576,110061,109966,111197,112650,113768,114883,115561,116401,116676,116156,116812,117325,117390,117365,117210,116784,116397,115731,115693,115747,115627,115698,115273
"臺中市","北區","臺中市北區","109360",109927,111996,116150,120211,124020,127973,131627,135040,139157,141110,143194,143735,143746,144632,145115,146634,145067,146265,148037,148225,148367,147928,147249,146787,146665,147469,147721,147529,147639,147679,147798,147880,147471,147547,147585,147653,147557,147391
"臺中市","西屯區","臺中市西屯區","72552",75827,78775,83430,88064,93768,100466,105655,109307,113656,117068,122274,127655,134364,141324,148426,156957,161594,166736,173071,177288,181513,184926,188656,192996,195444,197900,201333,203680,206536,209672,212750,215485,218540,221785,224601,227043,228630,230501
"臺中市","南屯區","臺中市南屯區","43145",45227,47433,48970,50832,53080,56112,58420,60385,62442,65100,71511,78958,81272,89093,96765,103579,109853,116666,123287,127769,132001,135899,138674,139808,143597,145983,148206,150884,153779,155768,158300,159952,161906,164575,166685,168760,170618,173532
"臺中市","北屯區","臺中市北屯區","98814",102126,107233,113767,120535,127724,134331,140197,145012,150373,157717,164329,172893,181638,188324,194849,200407,205322,210441,216295,221815,223071,226285,230078,232803,236669,239618,241990,244311,246880,249742,252668,255978,259742,265159,270547,274819,279297,283621
"臺中市","豐原區","臺中市豐原區","128944",131955,134610,137084,139747,142552,144434,147372,149506,151642,154175,155959,156906,157548,158315,158847,159580,160256,161032,161104,161589,162115,162828,163228,163746,164051,164619,165238,165245,165433,165609,166085,166090,166458,166749,166778,166879,167025,166875
"臺中市","東勢區","臺中市東勢區","60143",60364,60396,61132,61329,61256,61161,60956,60882,61085,61237,61499,61157,60753,60612,60462,60043,59647,58560,57858,57410,57105,56762,56230,55681,55259,54790,54201,53696,53259,52780,52403,51953,51485,51308,50952,50714,50256,49773
"臺中市","大甲區","臺中市大甲區","65498",66399,67399,68385,68682,70040,70852,71798,72584,73562,74542,75298,76069,76783,77287,77713,77945,78013,78059,78406,78483,78809,79303,79643,79636,79496,79264,78917,78707,78387,78118,77986,77847,77607,77714,77656,77761,77625,76822
"臺中市","清水區","臺中市清水區","76954",78080,78861,79399,79904,80140,80655,81202,81356,82204,82890,83827,84302,84368,84284,84276,84503,84624,84754,85135,85038,85331,85560,85700,85572,85728,85948,85770,85743,85620,85629,85734,86061,85957,86146,86350,86420,86862,87587
"臺中市","沙鹿區","臺中市沙鹿區","58102",59681,61246,62588,63380,64367,65321,66375,67179,68352,69117,69911,69925,70505,70741,70760,71149,71689,71781,72486,73069,73631,74353,75043,75862,77273,78436,79553,80640,81534,83238,84797,86305,87742,89592,91338,92645,94079,94755
"臺中市","梧棲區","臺中市梧棲區","34053",35008,35888,37041,38077,38977,39803,40815,41682,42710,43307,44086,45421,46702,47367,48026,48598,49365,49572,50127,50678,51137,51810,52378,53166,53723,54195,54748,54943,55262,55544,55857,56008,56643,57108,57645,57993,58218,58921
"臺中市","后里區","臺中市后里區","50503",51141,51545,51678,52145,52315,52678,52941,53193,53464,54032,54575,54890,55114,54989,54847,54852,54875,54953,55386,55350,55554,55674,55042,54776,54630,54562,54566,54401,54287,54033,54089,54076,54106,54344,54332,54482,54775,54666
"臺中市","神岡區","臺中市神岡區","45094",45890,46645,47535,48164,48592,49290,50107,51028,52538,53701,55332,56428,57516,58347,59257,60184,60861,61571,62487,62881,63186,63624,63852,63817,64230,64271,64159,63982,63753,63921,64534,64899,64956,65178,65496,65553,65711,65679
"臺中市","潭子區","臺中市潭子區","47323",49060,50057,51097,51843,52905,55210,56892,58297,60657,62325,64194,67009,71204,75351,79230,82321,84828,87405,89956,90987,93083,94220,94834,95462,96450,97416,98456,99677,100481,101781,103516,104471,105165,106557,107530,108288,108952,109324
"臺中市","大雅區","臺中市大雅區","41248",42868,44396,45897,47236,48426,49424,50918,52389,54172,56156,58494,61157,64766,68883,71876,74651,76994,79125,80974,82158,83276,84297,85177,85739,86993,87976,88864,89499,89825,90591,91367,91939,92628,93661,94488,95203,95815,95772
"臺中市","新社區","臺中市新社區","27863",28006,27845,27906,27894,27508,27353,27315,26972,27016,27106,27324,27452,27328,27243,27302,27190,27089,26915,26740,26698,26654,26565,26333,26194,25915,25820,25819,25761,25637,25495,25378,25322,25242,25086,24947,24754,24576,24289
"臺中市","石岡區","臺中市石岡區","15066",15176,15296,15487,15768,15498,15165,14961,15040,15024,15110,15293,15449,15370,15399,15297,15444,15573,15382,15264,15290,15419,15457,15650,15887,16109,16167,16162,16146,15976,15792,15763,15636,15405,15295,15174,15066,14956,14758
"臺中市","外埔區","臺中市外埔區","24788",25470,25777,26197,26419,26726,26781,26995,27348,27623,27890,28401,28834,29172,29666,30034,30228,30724,31126,31449,31515,31597,31389,31253,31428,31630,31888,31986,32007,32051,32005,31797,31845,31800,31899,32034,32185,32230,32224
"臺中市","大安區","臺中市大安區","21258",21283,21232,21237,21903,21145,21072,20846,20828,20560,20723,20810,21044,21023,21069,21150,21263,21329,21370,21360,21435,21420,21289,21099,20964,20817,20787,20605,20417,20308,20081,19910,19720,19654,19542,19409,19303,19267,19111
"臺中市","烏日區","臺中市烏日區","48178",48991,49579,50841,51944,52320,52892,54124,55321,56521,57940,58760,58788,59951,60507,61958,63069,63860,64037,64668,65088,65186,65413,65765,66083,67065,67445,67970,68373,68709,69224,70068,70624,71520,72514,73647,74554,75372,75610
"臺中市","大肚區","臺中市大肚區","37326",39241,40701,41868,42208,43056,44065,45100,45922,47605,49064,50132,50989,51773,52106,52603,53211,53780,54389,54685,54973,55061,55180,55566,55722,55886,55932,55945,55874,55725,55739,55863,55995,56364,56627,57207,57322,57324,57085
"臺中市","龍井區","臺中市龍井區","41119",41532,42293,42922,43672,44282,44961,46129,46945,48180,49640,51482,53148,54857,56639,58889,60833,62893,65092,66895,67624,68486,68878,69582,70372,71510,71961,73041,73934,74474,74682,75138,75664,76164,76666,77236,77818,77998,78027
"臺中市","霧峰區","臺中市霧峰區","55683",56903,57956,59151,59701,59790,59752,60521,61219,62221,62760,64286,64185,65499,66199,66939,67635,68307,67648,66354,65924,65525,65188,64957,64747,64627,64474,64228,63906,63975,63904,64183,64280,64496,64657,64898,65393,65619,65419
"臺中市","太平區","臺中市太平區","75953",80605,85275,90568,95224,99672,104797,110199,114021,118429,122923,129182,135103,143015,148810,153693,158145,162615,165524,166923,167907,168892,169969,170363,170712,171139,171628,172363,172389,172965,174284,176594,178870,181537,183923,186271,189066,191752,193729
"臺中市","大里區","臺中市大里區","77908",82812,87090,92089,96740,101136,107308,114430,118643,124422,132039,138498,152261,156040,159896,163336,165902,169239,171940,174930,176860,178998,181308,184164,186818,189945,192437,194550,196056,197716,200588,203239,204846,206318,208406,210285,211492,212104,212711
"臺中市","和平區","臺中市和平區","11054",10845,10689,10397,10209,10322,10516,10479,10514,10170,10162,10162,10734,10662,11019,10883,11015,11018,11172,11121,11317,11324,11309,11181,11058,10960,10880,10803,10730,10743,10683,10556,10589,10825,10726,10795,10949,11015,10902
"臺南市","新營區","臺南市新營區","67373",68080,68499,68850,69252,69650,70358,70451,70729,71421,72279,73054,73462,74332,75114,75446,75297,75836,76475,77198,77661,77946,78057,78390,78365,78742,78985,78715,78233,78105,78473,78475,78521,78231,78165,78101,77966,77617,76969
"臺南市","鹽水區","臺南市鹽水區","31917",31505,31098,30873,30375,30023,29614,29200,28926,28756,28972,28949,29057,29344,29372,29462,29269,29209,29141,28947,28829,28815,28682,28488,28397,28115,27872,27585,27321,27160,26891,26695,26426,26322,26085,25871,25583,25395,25223
"臺南市","白河區","臺南市白河區","42941",43107,42700,42446,41962,41401,40807,40037,39223,38767,38468,38358,38096,37691,37260,36832,36296,35818,35324,34833,34554,34223,33843,33547,33132,32795,32323,31926,31735,31395,30947,30602,30178,29731,29271,28819,28520,28105,27688
"臺南市","柳營區","臺南市柳營區","25953",25746,25519,25324,25208,24844,24638,24381,24204,24339,24420,24497,24719,24846,24848,24857,24849,24683,24548,24389,24124,23984,23998,23826,23673,23463,23241,23147,22987,22726,22443,22160,21932,21828,21629,21520,21365,21205,21068
"臺南市","後壁區","臺南市後壁區","34138",33736,33189,32734,32313,31659,31176,30710,30231,29924,29704,29690,29494,29431,29484,29380,29283,28837,28537,28186,27820,27553,27317,27161,26852,26768,26538,26294,26163,25884,25569,25280,24910,24589,24329,24066,23718,23346,23001
"臺南市","東山區","臺南市東山區","30734",30434,30130,29880,29439,28959,28448,28356,28028,27537,27348,27235,27137,26965,26689,26497,26169,25813,25649,25298,25149,24900,24728,24385,24222,23959,23793,23532,23414,23117,22771,22529,22195,21920,21603,21320,21049,20788,20449
"臺南市","麻豆區","臺南市麻豆區","47210",47247,47066,47074,46967,46750,46658,46556,46482,46632,46718,47000,47042,47407,47609,47657,47559,47421,47457,47457,47382,47165,46919,46666,46571,46362,46322,46164,46089,45795,45609,45377,45230,45067,44987,44812,44603,44260,43993
"臺南市","下營區","臺南市下營區","30329",30335,30205,30239,30179,29767,29476,29129,29118,29223,29145,29114,28957,28870,28736,28584,28471,28311,28121,28032,27833,27672,27525,27340,27161,26906,26793,26612,26411,26119,25803,25612,25333,25068,24786,24508,24239,23916,23686
"臺南市","六甲區","臺南市六甲區","25860",25824,26382,26527,26139,26178,26161,25679,26024,26067,26448,26628,26186,25442,25489,25507,25522,25406,25293,25253,25223,25163,25097,24975,24869,24599,24400,24211,23984,23694,23509,23346,23151,22832,22586,22406,22275,22148,21886
"臺南市","官田區","臺南市官田區","25303",25017,24798,24912,24682,24443,24069,23848,23944,23861,24030,24205,24411,24164,24159,24148,24160,24061,23916,23958,23553,23358,23271,23234,23149,22825,22642,22529,22455,22212,21965,21912,21823,21706,21685,21535,21448,21314,21371
"臺南市","大內區","臺南市大內區","14972",14696,14508,14267,14143,13824,13443,13200,13284,13055,12923,12978,12976,12879,12693,12599,12448,12363,12175,12116,11978,11926,11812,11611,11557,11458,11342,11205,11093,10899,10674,10537,10408,10248,10054,9962,9761,9605,9391
"臺南市","佳里區","臺南市佳里區","49982",50582,51415,51972,52191,52560,53034,53470,53685,54265,54764,55002,55129,56099,56733,56959,57172,57116,57403,57980,58257,58567,58858,58855,58811,59216,59244,59329,59464,59269,59155,59289,59372,59533,59555,59458,59380,59083,59089
"臺南市","學甲區","臺南市學甲區","32739",32580,32451,32510,32328,32093,31822,31742,31768,31645,31650,31648,31187,31371,31220,30995,30943,30727,30426,30090,29992,29772,29547,29336,29094,28805,28582,28313,28173,27864,27583,27414,27167,26949,26652,26377,26078,25665,25501
"臺南市","西港區","臺南市西港區","23003",23034,22913,23058,23073,23098,23128,23065,23266,23439,23808,24116,24483,24961,25397,25752,25917,26049,26226,26222,26236,26130,26087,25982,25960,25809,25542,25415,25357,25200,25069,25034,24914,24896,24921,24870,24758,24690,24554
"臺南市","七股區","臺南市七股區","28866",28306,27656,28382,28097,29092,28366,27342,27041,26908,26635,26639,27432,26630,26322,26334,26287,26279,26109,25952,25976,25910,25705,25547,25517,25136,25348,25115,24958,24815,24649,24225,23871,23608,23365,23172,22974,22732,22299
"臺南市","將軍區","臺南市將軍區","27412",27201,26918,26623,26728,26132,25563,25156,25158,24984,24846,24636,24434,24430,24383,24141,24092,23923,23825,23569,23440,23215,23049,22813,22711,22421,22103,21935,21798,21579,21261,21005,20808,20568,20309,20051,19849,19664,19353
"臺南市","北門區","臺南市北門區","17147",16839,16625,16508,16395,16011,15642,15332,15194,14936,14909,14791,15069,14676,14429,14150,14185,13900,13614,13449,13477,13302,13176,12949,12922,12765,12625,12529,12560,12468,12254,12083,11876,11691,11527,11333,11188,11051,10830
"臺南市","新化區","臺南市新化區","38480",39039,39680,40367,40525,40627,41047,41475,41490,41927,42093,42236,42154,42824,43807,44286,44527,44939,45207,45398,45348,45380,45192,44970,44857,44795,44500,44469,44361,44096,44023,43940,43836,43782,43828,43727,43630,43456,43254
"臺南市","善化區","臺南市善化區","41138",41238,41159,41316,41293,41024,41022,40899,40801,40977,41173,41437,41238,41354,41769,41693,41826,41776,41873,41968,42022,41849,41767,41772,41863,42153,42614,43021,43361,43477,43995,44619,45167,46100,46933,47660,48386,48968,50018
"臺南市","新市區","臺南市新市區","23630",24285,24867,25507,25756,25967,26463,26906,27371,28131,28609,29124,29851,30540,31230,31965,32514,33648,34121,34475,34583,35091,35381,35719,35704,35805,35433,35307,34977,34740,35035,35187,35336,35482,35853,36268,36574,36898,37269
"臺南市","安定區","臺南市安定區","27316",27380,27360,27510,27347,27262,27071,27062,27251,27410,27679,27957,28307,28784,29092,29153,29550,29693,29854,29933,29949,29947,29891,29963,29844,29830,30066,30111,30129,30232,30263,30298,30215,30298,30331,30447,30564,30483,30413
"臺南市","山上區","臺南市山上區","8690",8580,8384,8269,8415,8342,8282,8027,8230,8284,8259,8256,8401,8120,8074,8034,8160,8135,8109,8103,8279,8190,8103,8110,8182,8125,8112,8036,8021,7864,7757,7696,7570,7500,7437,7359,7314,7317,7199
"臺南市","玉井區","臺南市玉井區","20112",19974,19809,19431,19323,19109,18847,18765,18601,18582,18409,18266,18136,17889,17726,17497,17435,17266,17179,17076,16945,16821,16597,16484,16260,16006,15868,15696,15579,15413,15223,15058,14821,14561,14388,14281,14151,13997,13769
"臺南市","楠西區","臺南市楠西區","14100",14021,14007,13982,13986,13829,13587,13382,13152,13121,13030,12892,12778,12673,12624,12440,12418,12258,12082,11932,11835,11638,11477,11295,11242,11149,11024,10871,10794,10663,10445,10272,10186,10116,10032,9898,9717,9537,9319
"臺南市","南化區","臺南市南化區","11192",11221,11204,11039,11030,10783,10563,10281,10096,9880,9729,9769,9702,9962,9842,9874,10089,9777,9594,9513,9563,9307,9148,9031,9057,9061,8982,8980,9009,8925,8840,8814,8894,9001,8893,8838,8787,8724,8583
"臺南市","左鎮區","臺南市左鎮區","8504",8206,7986,7722,7623,7262,6918,6759,6702,6638,6586,6515,6617,6449,6380,6289,6384,6230,6120,6036,6080,5961,5879,5736,5729,5712,5646,5576,5614,5492,5359,5294,5211,5181,5071,4980,4876,4781,4676
"臺南市","仁德區","臺南市仁德區","52677",53349,53749,54589,54854,55732,56354,57254,57558,58644,59716,60587,61265,62983,64282,64505,65243,65298,65789,66182,66172,66245,66682,66834,67433,68107,67838,68481,68947,69343,70232,71270,72444,73099,73887,74637,75518,75878,76094
"臺南市","歸仁區","臺南市歸仁區","41973",43952,48000,50218,52083,53846,54337,53602,54622,56856,57872,59665,60893,57683,59335,60764,61662,62352,63248,63926,63961,64073,64078,64229,64604,65171,65564,65729,65924,65819,66104,66655,67101,67504,67906,68170,68424,68403,68135
"臺南市","關廟區","臺南市關廟區","37531",38085,38268,38946,38991,39175,39029,38945,38829,38987,39170,39211,39055,39127,39308,39248,39158,38900,38791,38618,38386,38348,38100,37882,37531,37307,37036,36715,36380,36026,35593,35353,35105,34865,34719,34601,34433,34353,34202
"臺南市","龍崎區","臺南市龍崎區","6545",6309,6056,5859,6287,5851,5539,5293,5281,5082,4990,4932,5610,5054,4843,4724,4626,4615,4512,4404,4418,4413,4315,4348,4379,4406,4440,4464,4433,4382,4311,4325,4310,4292,4196,4107,4038,3995,3900
"臺南市","永康區","臺南市永康區","81854",86536,90927,97024,103797,107982,114904,122983,129180,136705,141479,147272,155745,166359,173552,179214,184740,189631,193005,197194,198372,200719,202552,204196,206411,208919,210585,212540,214622,216748,220825,224303,226875,228651,230806,232210,233905,234891,235699
"臺南市","東區","臺南市東區","147715",126607,128559,132132,134909,139269,143947,147508,150338,154065,156914,159025,161206,162827,166324,169777,172072,174766,178431,181538,185752,187680,189344,192331,192774,192157,193764,194234,194401,194183,193782,192972,191576,190233,188865,187834,186841,186250,186009
"臺南市","南區","臺南市南區","103777",105960,111344,117168,120239,123660,128430,134181,136911,139623,141562,141970,141560,141707,139763,137746,136162,136051,135063,134371,133241,133036,132345,130676,128598,128225,127750,127390,126571,126173,126129,126018,125611,125691,125738,125768,125394,124824,124696
"臺南市","西區","臺南市西區","55350",58736,57101,54850,53742,52838,53207,53063,54306,52197,51370,50928,50786,48795,47853,46316,46389,45218,44199,43621,43618,43570,43853,NA,NA,NA,NA,NA,NA,NA,NA,NA,NA,NA,NA,NA,NA,NA,NA
"臺南市","北區","臺南市北區","130013",123503,126212,126563,128303,128387,128113,127159,126245,126834,126225,125689,125284,123078,121173,120651,120476,119098,118338,118777,119721,120557,122337,124164,126124,127687,128314,130094,131203,131925,132098,132233,132336,132558,132651,133091,132726,132112,131480
"臺南市","中區","臺南市中區","40824",70449,69931,68191,68179,65829,63934,61744,60784,58737,57065,56140,55067,53406,52400,51070,49083,48185,46705,45476,44414,42943,41587,NA,NA,NA,NA,NA,NA,NA,NA,NA,NA,NA,NA,NA,NA,NA,NA
"臺南市","安南區","臺南市安南區","97998",105817,110402,114206,116356,118408,121468,124666,127535,131473,135016,138569,142217,145340,148577,151437,154738,157947,160884,163291,164557,165790,166867,168418,169946,172344,174309,175630,177116,178119,179987,182749,185412,187775,189620,191196,192224,193438,194228
"臺南市","安平區","臺南市安平區","19062",18862,18524,18504,18160,17907,17828,19301,19566,20322,21389,22309,24350,27505,30721,33957,38891,40567,44440,47576,49543,51505,53295,55264,56177,57626,59275,60613,61740,62602,63593,64348,64589,64898,65380,65813,66496,66775,67119
"臺南市","中西區","臺南市中西區",NA,NA,NA,NA,NA,NA,NA,NA,NA,NA,NA,NA,NA,NA,NA,NA,NA,NA,NA,NA,NA,NA,NA,84064,83240,81998,81246,80492,80029,79271,78741,78666,78498,77910,77498,76967,77770,78167,78493
"高雄市","鹽埕區","高雄市鹽埕區","43947",42893,42168,41859,41178,40423,39038,37733,36914,36109,35827,35035,34733,34164,33584,33008,33226,32393,31961,31506,31077,30890,30298,29815,29410,29008,28635,28067,27651,27399,26723,26222,25847,25400,25032,24659,24219,24059,23889
"高雄市","鼓山區","高雄市鼓山區","100593",100975,102159,103795,104315,104827,106757,108491,108854,109705,110482,111921,110879,110136,109855,110016,109957,110549,109272,108667,107647,107855,108157,111635,114789,118777,122551,125641,129521,131728,132868,133964,135102,135667,136665,138099,139259,140133,141055
"高雄市","左營區","高雄市左營區","109760",108882,107676,106984,106559,105947,106081,106209,106938,107756,108858,110891,112460,115562,121302,128728,133413,141788,152070,160363,165952,172327,176565,179441,181133,183705,186026,188671,189944,191991,193482,194815,195436,195643,196244,196936,197072,196872,197728
"高雄市","楠梓區","高雄市楠梓區","87674",93498,96874,99816,101981,104019,106135,109849,112461,117717,121472,124512,128304,133100,137549,141330,144094,148179,151274,154073,155449,157067,159279,161814,163815,166101,168728,170416,171906,173053,173969,175798,177579,178532,179931,181845,183751,185687,187999
"高雄市","三民區","高雄市三民區","246136",252778,258368,269125,278327,290384,301977,312141,316449,321291,324352,327828,327590,330921,336803,340732,342105,349108,352936,357024,357536,360832,361305,360363,358124,357862,357096,355927,355097,354022,352159,349710,348488,347619,346169,344888,343243,340913,339269
"高雄市","新興區","高雄市新興區","79090",78888,78888,78263,77590,76695,76102,74386,73578,71480,70322,69342,68278,67854,65720,62978,62430,62199,61175,60738,60653,61188,59862,59486,58711,58067,57373,56704,55744,55287,54345,53749,53170,52534,51955,51431,51153,51032,51014
"高雄市","前金區","高雄市前金區","46677",45805,45485,44692,44488,43217,41663,40838,39523,38755,38435,38134,37094,37225,36462,35691,35021,34973,34081,33474,32870,32597,32001,31309,30766,30325,29965,29774,29208,28859,28446,28250,28038,27832,27388,27151,26991,26831,26879
"高雄市","苓雅區","高雄市苓雅區","193032",198823,201714,206643,210977,216241,219669,220622,220515,219853,220300,219351,216970,215710,212984,208593,203124,204494,202599,201387,199535,199250,196942,193997,191705,189820,188020,186765,185021,183948,181717,179512,177716,175854,174515,172895,171033,169648,168825
"高雄市","前鎮區","高雄市前鎮區","198545",200201,199505,200933,200748,199404,203389,206247,208235,209018,208410,207151,205197,204743,201710,201477,200026,202081,202794,203385,203001,204083,202230,201871,200511,200660,200427,200614,199951,199144,197693,196246,194835,193952,192593,191262,189839,188340,187524
"高雄市","旗津區","高雄市旗津區","36136",35926,35500,35205,34772,34446,33799,33341,33177,34272,34487,34474,34117,33816,33120,32034,32103,31697,31032,30939,30872,30480,30072,29828,30210,30158,30049,29940,29975,29968,29781,29468,29040,28958,29008,28898,28763,28506,28129
"高雄市","小港區","高雄市小港區","85864",89506,93406,97817,101914,104949,108187,112229,117587,120767,123480,127270,129727,133017,136946,139034,140643,144841,146311,149004,149865,152941,152639,153118,151475,150223,151685,153123,153896,154548,154772,155779,156115,156171,156256,157023,157475,157742,157793
"高雄市","鳳山區","高雄市鳳山區","227310",240625,255268,259781,267022,271738,276259,282352,285853,290777,293522,294471,298059,301374,303956,309062,315488,316350,318562,321707,322678,323799,328878,333474,336510,338596,338900,339240,339952,341120,345346,349816,352574,354093,356320,357768,359120,359519,359882
"高雄市","林園區","高雄市林園區","55301",56334,56934,57376,57735,58095,58322,59725,60220,61649,63311,64933,66346,68379,70175,71033,71473,71764,71892,72184,72173,71255,71117,70752,71370,71562,71336,70979,70770,70512,70439,70383,70436,70476,70401,70201,69990,69870,69604
"高雄市","大寮區","高雄市大寮區","82044",83208,83949,85363,86448,86729,87186,88528,90524,93016,96336,101218,105888,107483,110589,112526,114932,115150,115897,115692,115396,114342,114022,110745,109648,109607,109313,109449,109257,108984,109157,109780,110449,111191,111663,112258,112397,112421,112259
"高雄市","大樹區","高雄市大樹區","41859",42341,42664,42669,42670,42627,42704,43090,43143,43576,44172,44618,45690,46040,46340,46972,47420,47167,47137,46927,46588,46085,45802,45576,45245,45128,44871,44585,44230,43955,43609,43429,43418,43190,43161,43067,42757,42390,42142
"高雄市","大社區","高雄市大社區","20267",20788,20999,21527,22373,22794,23502,24391,26355,26379,26737,27922,29134,30162,31161,32269,33323,33139,33186,33118,33613,32580,32489,32307,32501,32621,32692,32843,32808,32941,33296,33766,34097,34455,34566,34615,34577,34604,34410
"高雄市","仁武區","高雄市仁武區","29382",30531,31344,31948,32301,32505,33100,34109,34939,35989,36803,37878,40128,42636,44682,46150,47663,49303,51225,53206,54572,55768,57773,60555,63385,66129,67881,68995,70242,72202,74867,77371,79392,80994,82614,84122,85894,87694,89595
"高雄市","鳥松區","高雄市鳥松區","22231",23412,24128,24820,25202,25439,25743,26792,27762,28328,29051,29990,31222,31956,32821,34240,36366,36713,37207,37863,38718,39080,39730,40129,40582,40982,41314,41730,42135,42595,43191,43696,43781,43735,43965,44265,44291,44469,44960
"高雄市","岡山區","高雄市岡山區","78585",79216,79700,80333,80816,81373,81813,82429,83005,83921,84655,85991,86834,88227,89284,90651,91015,92186,92864,93541,93975,94235,94822,95381,95548,95680,96138,96731,97095,97102,97417,97587,97800,97751,97827,97643,97329,97103,97127
"高雄市","橋頭區","高雄市橋頭區","33991",34585,34983,35543,35704,35517,35453,35759,35897,36286,36376,36591,37194,37562,37955,38085,38873,38281,38136,37996,37780,37721,37392,37174,36975,36874,36653,36439,36284,36415,36809,36962,37010,37198,37317,37448,37579,37650,38254
"高雄市","燕巢區","高雄市燕巢區","30445",30865,31842,31288,33305,32938,32248,31671,32016,32517,32703,32936,33280,33204,33179,33092,33118,32911,32804,32561,32136,31794,31711,31618,31493,31550,31227,31220,31059,30790,30941,30758,30542,30397,30124,29960,29922,29820,29686
"高雄市","田寮區","高雄市田寮區","12674",12357,12053,11746,11470,11013,10773,10502,10364,10216,10164,10166,10831,10015,9888,10030,10120,10041,9823,9622,9715,9501,9238,8979,8878,8721,8576,8441,8325,8214,8012,7852,7732,7680,7473,7340,7245,7159,7043
"高雄市","阿蓮區","高雄市阿蓮區","27226",27435,27910,28226,28481,28634,28776,28970,29080,29418,29666,29885,30172,30429,30691,31013,31140,31327,31350,31595,31446,31414,31361,31248,31080,30940,30907,30698,30613,30383,30225,30033,29795,29566,29319,29093,28844,28658,28489
"高雄市","路竹區","高雄市路竹區","47518",48111,48774,49331,49436,49690,49871,50293,50550,51025,51503,51754,51913,52452,52814,52981,53045,53257,53408,53589,53582,53963,54103,54271,54588,54703,54576,54369,54137,53791,53443,53145,53036,53064,53033,53007,52761,52538,52185
"高雄市","湖內區","高雄市湖內區","25347",25435,25572,25733,25613,25536,25360,25483,25440,25596,25814,25974,25983,26242,26788,27214,27877,28375,28670,28890,28746,28651,28460,28470,28510,28702,28605,28634,28697,28827,28806,29120,29203,29399,29615,29876,29803,29794,29684
"高雄市","茄萣區","高雄市茄萣區","32354",32390,32537,32918,32948,33116,32985,33040,32871,32861,33030,33353,33492,33285,33344,33549,33376,33498,33245,33235,33359,32946,32790,32670,32500,32241,32021,31762,31583,31433,31008,30999,30868,30690,30551,30412,30217,30089,30006
"高雄市","永安區","高雄市永安區","10660",10697,10672,10662,10590,10587,10746,11031,11066,11094,11184,11256,12086,12655,13292,13680,15227,14787,14552,14661,14894,14627,14415,14427,14456,14308,14223,14134,14253,14301,14106,14129,14138,14148,14152,14039,13980,13909,13786
"高雄市","彌陀區","高雄市彌陀區","21580",21481,21522,21730,21821,21563,21282,21289,21198,21412,21512,21694,21885,21981,21906,21876,23005,21906,21784,21762,21762,21575,21518,21262,21157,20998,20830,20714,20613,20433,20217,20123,19920,19854,19655,19555,19383,19252,19049
"高雄市","梓官區","高雄市梓官區","35391",36059,36353,36611,36667,36821,36840,37119,37471,37716,38308,38718,39162,39347,39559,39632,40444,39878,39603,39318,39218,39124,38669,38435,38052,37582,37218,36976,36867,36726,36559,36519,36381,36384,36429,36252,36116,35940,35750
"高雄市","旗山區","高雄市旗山區","51711",51500,51137,50587,49803,48706,47538,47388,47031,47025,46901,47039,46786,46239,45983,45521,45457,44807,44176,43880,43528,43116,42788,42358,41787,41404,41054,40720,40368,39873,39423,39038,38563,38100,37770,37342,36940,36652,36313
"高雄市","美濃區","高雄市美濃區","54713",54149,53690,53171,52374,51931,51026,50768,50555,50669,50668,50552,50394,50006,49408,48797,48216,47662,47160,46558,46246,45961,45538,45187,44846,44506,44130,43710,43444,42993,42658,42157,41668,41258,40810,40399,39973,39589,39074
"高雄市","六龜區","高雄市六龜區","20786",20446,20131,19864,19682,19293,18879,18687,18438,18492,18478,18452,18626,18703,18843,18417,18157,17884,17574,17208,17081,16824,16548,16310,16115,15837,15660,15455,15354,14833,14421,14203,13943,13663,13467,13217,13016,12939,12633
"高雄市","甲仙區","高雄市甲仙區","10381",10144,10240,10055,9935,9781,9644,9473,9481,9427,9377,9253,9252,9209,9253,9208,9110,9035,8920,8873,9005,8780,8639,8491,8575,8387,8222,8102,7616,7228,6981,6625,6444,6420,6291,6214,6107,6026,5943
"高雄市","杉林區","高雄市杉林區","16492",16121,15936,15672,15274,14924,14581,14298,14099,13968,13983,13947,14192,13971,13756,13757,13852,13379,13129,12910,12676,12448,12151,11941,11790,11589,11390,11186,11102,11842,12136,12577,12587,12531,12383,12201,12038,11795,11681
"高雄市","內門區","高雄市內門區","20642",20395,20223,19988,19743,19488,19142,18798,18711,18623,18638,18578,18656,18574,18713,18718,18480,18383,18226,17986,17870,17665,17462,17179,16914,16751,16550,16308,16085,15951,15662,15510,15351,15178,14978,14743,14540,14437,14195
"高雄市","茂林區","高雄市茂林區","1558",1544,1543,1561,1586,1590,1595,1642,1651,1615,1589,1635,1673,1645,1659,1660,1862,1761,1745,1723,1907,1849,1781,1757,1785,1767,1756,1776,1850,1874,1834,1839,1832,1915,1890,1896,1924,1994,1937
"高雄市","桃源區","高雄市桃源區","4878",4929,4889,4915,4958,4929,4896,4854,4852,4839,4787,4805,4887,4809,4781,4831,4857,4838,4781,4752,4895,4900,4864,4846,4981,4818,4787,4747,4777,4817,4700,4559,4406,4296,4239,4220,4246,4311,4261
"高雄市","那瑪夏區","高雄市那瑪夏區","2737",2731,2732,2778,2804,2840,2881,2849,2797,2829,2885,2969,3033,3050,3092,3164,3264,3290,3296,3350,3399,3392,3408,3383,3566,3491,3483,3469,3457,3401,3252,3170,3145,3204,3149,3131,3125,3148,3146
"宜蘭縣","宜蘭市","宜蘭縣宜蘭市","82644",83330,83829,84681,84929,85234,85653,86301,86861,88039,88710,89059,89649,91133,92313,92542,92038,92013,91908,91951,92097,92768,93623,94188,94606,95383,96094,95874,95831,95568,95521,96016,95985,95885,96051,95907,95918,95732,95562
"宜蘭縣","羅東鎮","宜蘭縣羅東鎮","58086",59027,60405,61650,62650,62919,63915,64591,64900,65218,65456,65590,65678,66460,66921,67569,68075,68480,69193,69777,70258,70775,72020,73196,73629,74018,74173,73722,73038,72958,72860,72468,72352,72533,72404,72485,72319,72433,71898
"宜蘭縣","蘇澳鎮","宜蘭縣蘇澳鎮","55599",55080,54700,54379,54044,53433,52611,51959,51688,51256,51376,51189,50927,50357,49584,48834,48545,48023,47239,46779,46469,45869,45273,44487,43895,43219,42915,43665,43305,42986,42417,41855,41382,41018,40726,40493,40056,39682,39155
"宜蘭縣","頭城鎮","宜蘭縣頭城鎮","35058",35248,35322,35476,35306,35187,35157,35026,34726,34629,34669,34507,34692,34625,34391,34120,33624,33632,33340,33337,33113,33062,32817,32577,32188,31924,31610,31300,31161,30899,30556,30304,30043,29890,29798,29666,29398,29133,28985
"宜蘭縣","礁溪鄉","宜蘭縣礁溪鄉","37802",37950,37963,37902,37715,37541,37363,37335,37269,37630,37879,38219,38944,38890,38771,38519,38760,38514,38382,38187,38133,37685,37267,37032,36625,36059,35900,35940,35895,35876,35924,36010,35998,35945,35838,35948,35777,35619,35417
"宜蘭縣","壯圍鄉","宜蘭縣壯圍鄉","24548",24690,24783,24735,24586,24396,24220,23993,24205,24105,24404,24727,25839,25743,25758,26049,27273,26263,26266,26451,27136,26355,26137,25992,25878,25457,25271,25072,25109,25004,24674,24551,24468,24492,24258,24236,24250,24302,24424
"宜蘭縣","員山鄉","宜蘭縣員山鄉","32258",32223,31835,32023,31913,31830,31559,31059,30939,31211,31435,31921,32257,32771,32953,33080,33819,33919,33971,33932,34153,33566,33254,32833,32711,32506,32345,32213,32378,32347,32304,32106,32159,32377,32277,32376,32458,32281,32284
"宜蘭縣","冬山鄉","宜蘭縣冬山鄉","47286",47692,47462,47491,47662,47403,47132,47947,48271,49083,49581,50223,51069,51430,51645,51772,51828,51926,51723,51739,51313,51382,50988,50754,50907,51161,51391,51722,52330,52635,52975,53363,53731,53482,53634,53327,53289,52880,53103
"宜蘭縣","五結鄉","宜蘭縣五結鄉","36218",36178,35992,36303,36301,36101,35994,36001,36310,36669,36834,37220,37513,37995,38420,38406,38233,38827,39123,39393,39034,38897,38468,38047,37702,37686,37821,38469,38797,38850,38772,38999,39230,39378,39559,39657,39673,39543,39959
"宜蘭縣","三星鄉","宜蘭縣三星鄉","24463",24256,24013,23806,23568,23266,22821,22446,22395,22283,22401,22984,24278,23315,22727,22602,22778,22479,22333,22142,22265,21999,21734,21530,21712,21295,21203,21268,21710,21362,21203,21122,21191,21503,21441,21422,21467,21359,21278
"宜蘭縣","大同鄉","宜蘭縣大同鄉","6001",5899,5855,5807,5675,5604,5509,5438,5325,5253,5313,5450,5580,5612,5644,5648,5708,5687,5699,5684,5901,5842,5788,5772,5812,5802,5830,5815,6004,5987,5931,5915,6005,6127,6080,6083,6102,6242,6143
"宜蘭縣","南澳鄉","宜蘭縣南澳鄉","5509",5532,5548,5580,5632,5504,5533,5547,5541,5567,5707,5768,6083,6028,5916,5979,5922,5864,5827,5814,5927,5907,5916,5878,5921,5916,5845,5842,6067,6014,5924,5886,5912,6147,6051,5938,5900,6015,5970
"新竹縣","竹北市","新竹縣竹北市","57119",58080,58725,59313,59742,60920,61798,63165,64241,65492,67178,68955,71328,74461,77003,79431,82579,85357,87998,90145,92814,95896,100096,105651,112175,119720,126255,132136,137861,141852,146826,152617,158849,165118,170790,176604,181955,187336,194516
"新竹縣","關西鎮","新竹縣關西鎮","37296",36691,36107,35439,35207,34502,33884,33421,33226,33121,33227,33235,33148,33055,32813,32706,32357,32387,32299,32460,32704,32849,32887,32759,32896,32713,32673,32451,32431,31775,31553,31239,30919,30751,29936,29408,28896,28537,28055
"新竹縣","新埔鎮","新竹縣新埔鎮","35508",35544,35735,35701,35852,35832,35705,35707,35806,36082,36261,36598,36778,36736,36839,36872,36781,36618,36708,36669,36677,36591,36529,36378,36291,36242,36102,36085,36012,35495,35240,34960,34674,34427,34111,33737,33415,33104,32798
"新竹縣","竹東鎮","新竹縣竹東鎮","70630",71522,71992,72663,73225,73573,74053,74895,75078,75858,76632,77789,79043,80644,81552,82912,84408,85472,86595,88062,89347,91272,92743,93993,94789,95824,96546,97086,97089,96751,96421,96594,96326,96059,96311,96817,96918,96380,97127
"新竹縣","湖口鄉","新竹縣湖口鄉","47088",48038,48675,49376,49700,50353,50654,51116,51921,52915,54078,55515,57220,59122,61223,62349,63428,64604,65932,67511,68421,69728,70535,71420,72363,73418,74214,75066,75546,75408,75921,76501,76753,77210,77280,77524,77444,77668,77908
"新竹縣","橫山鄉","新竹縣橫山鄉","19310",18980,18643,18099,17811,17328,16853,16559,16190,16068,15922,15859,15871,15772,15759,15559,15428,15373,15206,15007,15086,14952,14866,14778,14864,14797,14635,14590,14772,14368,14200,14013,13912,13810,13515,13298,13064,12942,12789
"新竹縣","新豐鄉","新竹縣新豐鄉","31975",32347,32839,33334,33619,33968,34255,34796,35536,36351,37187,38192,39036,40088,41056,42391,43673,44559,45529,46293,46972,47364,47954,48823,50311,51029,51664,52334,52761,53288,53610,54427,55386,55826,56125,56452,56836,56980,57292
"新竹縣","芎林鄉","新竹縣芎林鄉","18409",18250,18264,18226,18127,17964,17912,17822,17874,17897,17824,18082,18244,18615,19014,19391,19561,19908,20370,20744,20897,20795,20662,20551,20615,20744,20778,20879,20963,20778,20519,20354,20256,20301,20284,20165,20061,20025,19934
"新竹縣","寶山鄉","新竹縣寶山鄉","11900",11452,11209,10798,10656,10579,10293,10049,10145,10079,10172,10401,10866,11498,12238,12507,12790,13202,12985,12951,13063,13099,13146,13300,13554,13807,13788,13748,13998,14078,14106,14085,14103,14365,14325,14378,14550,14647,14626
"新竹縣","北埔鄉","新竹縣北埔鄉","11709",11643,11563,11415,11219,11073,10778,10642,10650,10676,10758,10754,11065,10850,10778,10690,10634,10648,10595,10577,10608,10554,10525,10531,10572,10456,10341,10262,10289,10119,9994,9883,9838,9784,9691,9531,9390,9335,9178
"新竹縣","峨眉鄉","新竹縣峨眉鄉","7978",7815,7651,7495,7416,7333,7120,6995,7045,6948,7102,7090,7023,6852,6763,6651,6673,6569,6511,6392,6406,6363,6344,6233,6260,6187,6154,6062,6133,5999,5904,5831,5764,5744,5642,5593,5538,5587,5479
"新竹縣","尖石鄉","新竹縣尖石鄉","9120",9118,9135,9041,8928,8701,8476,8331,8307,8327,8319,8432,8446,8475,8551,8499,8457,8375,8224,8162,8350,8351,8274,8220,8334,8204,8207,8161,8351,8439,8731,8964,9167,9506,9417,9412,9543,9695,9638
"新竹縣","五峰鄉","新竹縣五峰鄉","5366",5384,5299,5184,5064,4893,4829,4730,4734,4678,4783,4766,4962,5020,4988,4974,4952,4908,4815,4740,4955,4865,4726,4609,4653,4551,4464,4413,4676,4665,4616,4525,4539,4729,4615,4562,4559,4774,4593
"苗栗縣","苗栗市","苗栗縣苗栗市","82114",82966,83238,84182,84994,85633,86308,87016,87474,88363,88907,89043,89309,89565,89719,89806,89989,90041,90403,90877,91059,90977,91226,91109,90747,90828,91082,91136,90826,90703,90900,91007,91109,90963,90469,89892,89165,88216,87976
"苗栗縣","頭份市","苗栗縣頭份市","68195",69601,70776,71955,72840,73535,74426,75870,76916,78417,79629,80458,81314,82632,83622,84833,86062,86845,87935,88924,89384,90168,91102,92218,92925,93757,94525,95687,96261,97150,98377,99993,101527,102654,103239,103157,103147,103081,103701
"苗栗縣","苑裡鎮","苗栗縣苑裡鎮","49470",49529,49440,49481,49346,48971,48792,48595,48583,48455,48598,48748,48662,48820,49184,49311,49415,49430,49485,49463,49437,49474,49340,49329,49178,49024,49071,49034,49016,48645,48506,48452,48493,48589,47849,47040,45976,45211,44848
"苗栗縣","通霄鎮","苗栗縣通霄鎮","44692",44910,44780,44608,44510,44081,43794,43605,43526,43535,43533,43581,43385,43250,43063,42748,42384,41957,41782,41347,41249,41046,40720,40336,39990,39581,39218,38773,38535,37977,37614,37449,37155,36941,36172,35433,34691,33992,33471
"苗栗縣","竹南鎮","苗栗縣竹南鎮","55610",56691,57266,58200,59057,59794,60467,61094,61293,61920,62792,63838,64781,65308,66132,66718,67304,68158,68789,69504,70541,71135,71810,72395,73074,74233,75246,76323,77344,78420,79656,80864,82351,83622,84469,85010,85587,86130,86565
"苗栗縣","後龍鎮","苗栗縣後龍鎮","46486",46322,46166,46120,45910,45328,44782,44518,44336,44122,44023,43946,44040,44102,44150,43870,43708,43248,42856,42613,42284,42074,41948,41637,41259,40701,40460,40127,39822,39389,38986,38777,38439,38360,37837,37251,36750,36257,35675
"苗栗縣","卓蘭鎮","苗栗縣卓蘭鎮","20583",20803,20994,20998,21085,21147,20913,20882,20822,20670,20658,20687,20651,20598,20608,20324,20134,20067,19831,19665,19589,19451,19300,19137,18879,18681,18536,18391,18497,18446,18417,18480,18460,18353,18057,17612,17134,16732,16448
"苗栗縣","大湖鄉","苗栗縣大湖鄉","21865",21682,21538,21232,21103,20799,19969,19732,19474,19439,19187,18975,18977,18853,18696,18436,18067,17902,17680,17312,17120,17039,16947,16834,16667,16431,16218,16165,16186,16052,15899,15798,15694,15549,15276,15070,14738,14482,14194
"苗栗縣","公館鄉","苗栗縣公館鄉","33074",33146,33142,33349,33103,32984,32859,32793,32814,32756,33182,33515,33983,34268,34676,34702,34614,34625,34559,34773,34875,34884,34753,34635,34518,34577,34647,34744,34813,34745,34847,34932,34790,34847,34536,34210,33773,33261,32754
"苗栗縣","銅鑼鄉","苗栗縣銅鑼鄉","22218",21950,21837,21755,21481,20982,20788,20490,20432,20533,20846,20987,21026,21040,20953,21042,21256,21000,20980,20829,20692,20603,20639,20501,20265,20086,19885,19597,19633,19401,19332,19178,19036,18909,18710,18465,18138,17871,17588
"苗栗縣","南庄鄉","苗栗縣南庄鄉","19486",19010,18449,17843,17227,16659,15904,15334,14854,14545,14376,14327,14073,13897,13642,13324,13048,12816,12532,12247,12239,12102,11911,11807,11695,11628,11449,11301,11318,11117,11010,10863,10742,10674,10577,10391,10176,10042,9813
"苗栗縣","頭屋鄉","苗栗縣頭屋鄉","12749",12837,12937,12853,12854,12756,12683,12731,12737,12704,12721,12790,12936,12799,12764,12650,12646,12677,12504,12366,12293,12294,12209,12105,12092,12025,11906,11678,11702,11605,11513,11454,11408,11377,11236,11102,10840,10667,10455
"苗栗縣","三義鄉","苗栗縣三義鄉","17175",17339,17412,17494,17610,17554,17506,17528,17483,17526,17707,17910,17995,18151,18298,18279,18250,18179,18099,18020,18071,18092,17956,17936,17990,17883,17687,17643,17713,17548,17487,17495,17411,17235,17020,16813,16530,16204,15970
"苗栗縣","西湖鄉","苗栗縣西湖鄉","11942",11770,11579,11369,11098,10840,10550,10322,10188,10043,9981,9897,9766,9723,9608,9525,9284,9054,8870,8667,8599,8476,8352,8265,8204,8126,7985,7924,7939,7869,7801,7748,7649,7589,7466,7288,7154,7033,6877
"苗栗縣","造橋鄉","苗栗縣造橋鄉","14632",14871,14911,15040,15122,14844,14703,14548,14445,14423,14535,14747,14787,14916,14932,14710,14696,14529,14403,14301,14356,14200,14141,14066,13998,13965,13857,13725,13737,13727,13687,13626,13517,13456,13354,13166,12952,12701,12473
"苗栗縣","三灣鄉","苗栗縣三灣鄉","10447",10112,9865,9555,9349,9121,8746,8438,8358,8213,8211,8232,8533,8382,8314,8203,8151,8033,7915,7807,7783,7738,7626,7555,7505,7552,7496,7400,7393,7264,7210,7191,7126,7132,6994,6884,6756,6613,6532
"苗栗縣","獅潭鄉","苗栗縣獅潭鄉","8596",8398,8232,7972,7847,7585,7271,6955,6791,6593,6500,6368,6339,6192,6126,6034,5825,5758,5656,5526,5469,5420,5352,5262,5308,5201,5188,5048,5059,4928,4821,4777,4678,4725,4606,4475,4417,4331,4231
"苗栗縣","泰安鄉","苗栗縣泰安鄉","6274",6247,6228,5967,5807,5574,5543,5527,5411,5352,5630,5508,5631,5695,5631,5584,5511,5539,5525,5462,5600,5593,5571,5516,5650,5707,5707,5701,5950,5982,5947,5892,5969,6157,6045,5930,5883,6039,5888
"彰化縣","彰化市","彰化縣彰化市","185816",190315,193789,198195,201103,203541,206603,209179,212311,215224,217328,219536,221090,222722,223675,224066,225006,226151,227715,229915,231129,232156,233435,234308,234614,235322,235998,236631,237160,236503,236646,236636,236172,235022,235010,234690,233613,232729,232259
"彰化縣","員林市","彰化縣員林市","104436",106104,108126,110201,112348,114667,116936,118775,120202,121251,122635,122989,123121,124400,125054,125905,126047,126371,126402,126528,126800,127102,127284,127042,126420,126175,126189,125962,125838,125476,125144,125141,124938,124725,124837,124932,124632,124890,125008
"彰化縣","鹿港鎮","彰化縣鹿港鎮","73459",74312,74908,75804,76630,76979,77356,77847,78262,78614,79087,79647,80401,80991,81233,81302,81615,82374,82811,83585,83962,84314,84453,84767,85020,85084,85239,85340,85364,85325,85476,85858,85964,86100,86407,86709,86799,86818,86931
"彰化縣","和美鎮","彰化縣和美鎮","66627",68506,69497,70754,71489,72507,73301,74030,74770,76018,77296,78886,79865,80767,81458,82363,83218,84183,85450,86439,87176,87698,87792,88245,88416,88841,89053,89386,89624,89723,90173,90298,90541,90741,91113,91162,90986,90782,90530
"彰化縣","北斗鎮","彰化縣北斗鎮","29156",29749,30150,30579,30720,30679,30730,30859,31104,31455,31868,32147,32360,32700,32809,33042,33414,33593,33681,33809,33869,33718,33604,33505,33459,33494,33548,33620,33631,33516,33379,33280,33151,33198,33225,33253,33355,33321,33348
"彰化縣","溪湖鎮","彰化縣溪湖鎮","46949",47678,48340,48979,49541,49861,50332,50590,50819,51465,52168,52684,53077,53627,54197,54732,54827,55183,55272,55481,55875,55953,56106,56356,56417,56430,56607,56449,56260,56119,55918,55899,55802,55788,55742,55675,55686,55365,55185
"彰化縣","田中鎮","彰化縣田中鎮","45855",46482,46695,46917,46743,46514,46340,46150,45913,45978,45916,46360,46869,46278,46689,46885,47097,47139,46982,46813,46574,46421,46193,45722,45502,45176,45061,44769,44499,44065,43652,43428,43106,42745,42490,42152,41890,41541,41244
"彰化縣","二林鎮","彰化縣二林鎮","59656",59979,59984,59959,59582,59225,58766,58149,57836,57495,57452,57595,57826,57740,57713,57510,57387,57336,57228,56996,56884,56903,56724,56449,56050,55538,55045,54795,54479,53939,53552,53198,52864,52330,51882,51516,50980,50536,50075
"彰化縣","線西鄉","彰化縣線西鄉","15126",15097,15094,15216,15248,15230,15204,15157,15121,15125,15206,15439,15700,15837,16045,16304,16514,16579,16789,16790,16936,17021,17125,17010,17024,17008,17042,17030,17081,17138,16998,17056,17123,17119,17040,16939,16928,16860,16733
"彰化縣","伸港鄉","彰化縣伸港鄉","26913",27315,27914,28308,28540,28838,29171,29373,29671,29904,30244,30794,31063,31468,31929,32380,32870,33313,33656,34044,34474,34777,34968,35179,35440,35539,35724,35825,35942,35964,35985,36037,36114,36182,36464,36756,36957,37121,37449
"彰化縣","福興鄉","彰化縣福興鄉","40691",41351,41935,42547,43038,43448,43698,43728,43715,44118,44742,45345,45884,46366,46903,47329,47723,47800,48053,48381,48611,48679,48648,48607,48704,48782,48940,49005,49130,48945,48625,48182,48015,47810,47618,47479,47332,47059,46748
"彰化縣","秀水鄉","彰化縣秀水鄉","30346",30685,31068,31448,31619,31989,32422,32898,33256,33739,34193,34599,35026,35541,36026,36423,36844,37237,37516,37782,37905,38063,38286,38431,38510,38675,38853,38968,38985,39122,39273,39429,39385,39326,39352,39344,39357,39291,39068
"彰化縣","花壇鄉","彰化縣花壇鄉","37095",37826,38466,38967,39407,39629,40073,40521,41152,41570,42012,42598,43256,43884,44499,44998,45389,45575,45776,45981,46007,46185,46260,46336,46248,46357,46125,46193,46238,46187,46047,46017,45987,45916,45984,46142,45924,45853,45566
"彰化縣","芬園鄉","彰化縣芬園鄉","27541",27459,27463,27261,27319,26873,26474,26150,26041,25868,25855,26059,26383,26556,26918,26859,26761,26702,26648,26788,26630,26373,26069,25968,25671,25515,25340,25090,24980,24814,24670,24457,24258,24155,24003,23881,23755,23583,23383
"彰化縣","大村鄉","彰化縣大村鄉","31653",31842,32100,32170,32182,32174,31924,31986,32197,32532,32702,33078,33423,33713,33984,34214,34621,34876,35137,35377,35761,35714,35885,36137,36436,36547,36412,36501,36646,36597,36533,36469,36452,36457,36531,36762,36870,36968,37124
"彰化縣","埔鹽鄉","彰化縣埔鹽鄉","34162",34285,34429,34646,34597,34592,34345,34254,34251,34370,34605,34851,35170,35331,35367,35370,35729,35652,35696,35660,35605,35505,35280,35061,35037,34897,34764,34667,34565,34284,34082,33712,33456,33184,32954,32782,32587,32460,32183
"彰化縣","埔心鄉","彰化縣埔心鄉","31249",31323,31497,31796,31918,31911,31739,32023,32096,32499,32748,33292,33718,33901,34055,34085,34379,34424,34561,34745,34777,34918,34920,35082,35136,35471,35550,35498,35410,35325,35278,35186,35034,34905,34833,34788,34836,34745,34734
"彰化縣","永靖鄉","彰化縣永靖鄉","37103",37497,37917,38366,38458,38438,38500,38445,38378,38713,39299,39533,39778,39846,39978,40021,39957,39982,40026,40128,40243,40064,40157,40115,39999,39965,39723,39595,39607,39269,38907,38718,38530,38200,37985,37773,37334,36962,36651
"彰化縣","社頭鄉","彰化縣社頭鄉","40110",40495,40731,41272,41355,41662,41944,42157,42338,42685,43154,43589,43852,44030,44307,44427,44668,44835,45026,45184,45369,45461,45577,45591,45631,45600,45498,45231,45038,44767,44418,44211,43868,43705,43492,43342,43144,42882,42573
"彰化縣","二水鄉","彰化縣二水鄉","22482",22374,22009,21665,21508,21156,20827,20561,20261,20041,19872,19767,19596,19405,19281,19036,18882,18670,18485,18219,18077,18016,17786,17705,17515,17283,17122,16929,16749,16520,16345,16133,15999,15830,15629,15500,15325,15153,14843
"彰化縣","田尾鄉","彰化縣田尾鄉","29083",28950,28858,28834,28759,28450,28156,27758,27589,27511,27514,27652,27773,28131,28415,28603,28850,28836,29019,29232,29343,29949,29462,29384,29387,29246,29163,28911,28890,28639,28355,28050,27984,27834,27567,27567,27462,27336,26993
"彰化縣","埤頭鄉","彰化縣埤頭鄉","34205",34354,34615,34429,34213,34012,33630,33400,33210,33223,33103,33258,33384,33472,33386,33319,32983,33014,32790,32749,32685,32524,32452,32316,32303,32088,32080,32015,32008,31771,31501,31415,31221,31045,30869,30797,30642,30508,30394
"彰化縣","芳苑鄉","彰化縣芳苑鄉","45870",45327,44900,44438,43610,43094,42273,41433,40742,40658,40538,40604,40565,40553,40821,40111,40452,39683,39330,38902,38591,38306,38131,37980,37781,37402,37065,36784,36637,36320,35752,35337,35104,34744,34352,34039,33714,33489,33084
"彰化縣","大城鄉","彰化縣大城鄉","27193",26867,26554,26277,25689,25062,24341,23768,23397,23086,22864,22715,22724,22524,22384,22088,21809,21618,21410,21040,20943,20601,20324,20063,19888,19515,19241,19094,19151,18936,18639,18337,18043,17797,17516,17284,16987,16717,16359
"彰化縣","竹塘鄉","彰化縣竹塘鄉","21003",20435,20211,19985,21412,19925,19171,18718,18480,18286,18101,18103,18140,17983,17753,17510,17334,17173,17189,17101,17059,17023,16920,16819,16806,16779,16763,16616,16693,16470,16365,16201,16040,15863,15638,15491,15303,15095,14926
"彰化縣","溪州鄉","彰化縣溪州鄉","36833",36738,36720,36464,36181,35775,35155,34583,34074,33860,33726,33835,33611,33530,33568,33600,33368,33168,32992,32862,32709,32735,32602,32584,32412,32305,32209,32031,31862,31552,31326,31183,30862,30753,30539,30391,30060,29760,29411
"南投縣","南投市","南投縣南投市","85273",86919,88491,90501,91376,92231,92950,94241,95403,96904,98634,100015,101015,102051,102990,103326,104152,104777,104723,104460,104563,105061,105257,105356,105322,105506,105671,105143,104670,104083,103687,103285,102790,102314,101622,100960,100180,99519,99199
"南投縣","埔里鎮","南投縣埔里鎮","82064",82647,83233,83738,84202,83989,84531,85156,85363,86047,86313,86572,87070,87493,87362,87474,87975,88271,87933,87526,87519,87417,87350,87069,86920,86684,86415,86189,85779,85088,84596,84300,83701,83021,82212,81574,81033,80340,79789
"南投縣","草屯鎮","南投縣草屯鎮","82471",83321,84166,85122,86163,86839,87545,88526,89457,90406,91263,92456,93130,94082,94825,95628,96352,96833,97280,97740,98180,98617,99059,99342,99523,99752,99884,100143,100294,99674,99249,99374,99297,99209,98837,98431,97875,97119,97608
"南投縣","竹山鎮","南投縣竹山鎮","62881",63184,63436,63419,63483,63325,62838,62586,62475,62626,62622,62923,63078,62944,63054,62669,62592,62269,61811,61209,61068,60782,60459,60022,59796,59415,59329,59003,58826,58338,57988,57560,57101,56662,56053,55493,55060,54540,53932
"南投縣","集集鎮","南投縣集集鎮","14649",14471,14180,14149,13965,13756,13339,13108,12971,12722,12678,12750,12767,12514,12429,12347,12296,12250,12335,12279,12302,12328,12459,12393,12311,12216,12109,12055,12103,11920,11737,11576,11413,11390,11229,11035,10904,10804,10615
"南投縣","名間鄉","南投縣名間鄉","41510",41535,41788,41618,41563,41565,41283,41228,41216,41402,41643,42082,42486,42895,42902,42968,42832,42754,42768,42847,42900,42774,42670,42454,42253,41910,41677,41589,41603,41218,40966,40682,40382,40019,39666,39220,38796,38265,37951
"南投縣","鹿谷鄉","南投縣鹿谷鄉","23422",23259,23167,23041,23070,23045,22890,22651,22499,22433,22341,22267,22125,21988,21883,21655,21568,21279,21062,20801,20597,20428,20292,20077,19879,19761,19581,19437,19376,19100,18947,18878,18667,18538,18234,18010,17808,17687,17509
"南投縣","中寮鄉","南投縣中寮鄉","22995",22774,22650,22440,22137,21668,21062,20548,20282,19942,19722,19548,19512,19240,19046,18742,18567,18252,17925,17688,17680,17394,17180,17031,16941,16763,16587,16445,16405,16183,16005,15901,15719,15566,15353,15083,14842,14680,14495
"南投縣","魚池鄉","南投縣魚池鄉","20947",20838,20512,20245,19851,19627,19239,19057,18845,18703,18682,18716,18740,18460,18433,18183,18102,17894,17910,17713,17833,17806,17645,17541,17549,17422,17342,17344,17411,17181,16927,16747,16696,16501,16289,16154,15946,15753,15611
"南投縣","國姓鄉","南投縣國姓鄉","28905",28843,29017,28754,28465,28157,27645,26896,26385,26175,26177,26115,25778,25622,25579,25339,25025,24643,24173,23675,23401,23136,22795,22392,22133,21776,21497,21195,20964,20668,20351,20165,19919,19715,19360,19098,18803,18629,18245
"南投縣","水里鄉","南投縣水里鄉","29334",29134,29039,28743,28400,28009,27746,27309,26994,26771,26548,26101,25615,25210,24566,24203,23837,23425,22996,22632,22479,22276,22106,21837,21613,21273,20913,20593,20383,20063,19700,19341,19071,18717,18339,18015,17803,17496,17247
"南投縣","信義鄉","南投縣信義鄉","17561",17598,17754,17866,17860,17868,17859,17982,18010,17835,17830,17955,18079,18304,18096,18151,18006,17869,17750,17673,17811,17761,17593,17421,17356,17222,17258,17166,17360,17314,17059,16802,16727,16813,16525,16381,16253,16230,16006
"南投縣","仁愛鄉","南投縣仁愛鄉","15526",15478,15317,15182,15037,14841,14674,14475,14365,14513,14758,14896,15215,15288,15352,14982,15403,15358,15372,15294,15485,15512,15532,15478,15572,15505,15454,15451,15650,15661,15595,15585,15739,15850,15771,15709,15748,15969,15905
"雲林縣","斗六市","雲林縣斗六市","83207",85375,86350,87456,87775,88142,88598,88780,89138,90188,91030,92042,93016,94356,95369,96805,97826,98896,99680,101019,101690,102460,103425,103910,104303,104918,105574,106226,106723,106854,107143,107727,108011,108098,108359,108401,108567,108542,108606
"雲林縣","斗南鎮","雲林縣斗南鎮","44951",45419,45369,45737,45867,45485,45538,45580,45678,45889,46382,46666,46794,47357,47545,47609,47718,47860,47979,48249,48377,48446,48534,48199,48067,47969,47823,47585,47461,47120,46815,46570,46271,46013,45590,45227,44941,44547,44296
"雲林縣","虎尾鎮","雲林縣虎尾鎮","66768",67216,67426,67608,67457,67457,67574,66699,66369,67021,67308,67672,67770,66714,66670,66276,66617,66734,67007,67471,67619,67945,68382,68504,68569,68979,69420,69874,70259,70025,70080,70423,70486,70269,70551,70815,70892,70844,70994
"雲林縣","西螺鎮","雲林縣西螺鎮","51404",51487,51551,51535,51324,50854,50800,50604,50377,50582,50566,50603,50671,50393,50479,50303,50055,50142,50076,50007,50239,50198,50163,50005,49711,49207,49282,48990,48954,48502,48125,47791,47482,47187,46840,46597,46244,46064,45723
"雲林縣","土庫鎮","雲林縣土庫鎮","35746",35609,35413,35098,34812,34278,33813,33132,32843,32706,32583,32688,32937,32896,32878,32800,32721,32470,32349,32048,32107,32111,31971,31805,31549,31341,31099,30952,30730,30476,30247,29957,29797,29697,29401,29275,28932,28794,28544
"雲林縣","北港鎮","雲林縣北港鎮","54230",54114,53791,53592,53180,52348,51878,51052,50296,49764,49710,49464,49029,48957,48486,48161,47947,47325,46910,46346,46434,45921,45609,45353,45082,44657,44336,43781,43537,43059,42483,42257,41986,41528,41006,40658,40278,39905,39397
"雲林縣","古坑鄉","雲林縣古坑鄉","39507",39304,39072,38653,38394,37999,37570,37312,36857,36681,36716,36737,36846,36712,36859,36815,36547,36325,36206,35794,35766,35672,35525,35600,35423,35079,34952,34976,34598,34061,33659,33280,32865,32686,32326,31995,31708,31358,31202
"雲林縣","大埤鄉","雲林縣大埤鄉","26784",26565,26447,26240,25843,25429,25068,24796,24377,24181,23990,23954,23880,24069,24278,24032,23741,23477,23294,23072,22907,22811,22636,22476,22347,22064,21912,21702,21533,21234,20893,20582,20290,19989,19727,19480,19263,19030,18801
"雲林縣","莿桐鄉","雲林縣莿桐鄉","31928",32003,32003,32221,32097,31960,31712,31509,31389,31414,31588,31661,31827,31910,31995,32169,32245,32067,32091,31993,31927,32004,31776,31516,31422,31163,30841,30741,30715,30477,30251,29906,29825,29599,29232,29089,28939,28703,28524
"雲林縣","林內鄉","雲林縣林內鄉","22526",22636,22612,22487,22450,22322,22299,22210,21740,21936,21958,22086,22110,21997,21751,21748,21504,21519,21202,21351,21377,21045,20985,21036,20719,20608,20415,20144,20089,19720,19581,19352,19117,18970,18664,18453,18230,17995,17776
"雲林縣","二崙鄉","雲林縣二崙鄉","37007",36634,36501,36361,36236,35833,35133,34570,34055,33755,33592,33367,33442,33183,33085,32876,32767,32671,32514,32301,32201,32079,31980,31700,31362,30908,30570,30289,30076,29665,29331,29060,28712,28323,27939,27518,27255,26855,26371
"雲林縣","崙背鄉","雲林縣崙背鄉","32318",32411,32605,32525,32375,31969,31447,30933,30500,30263,30206,30170,30105,30154,30034,29948,29860,29662,29594,29504,29332,29293,29094,28859,28572,28348,28099,27976,27755,27350,26879,26570,26241,25896,25469,25083,24678,24345,24025
"雲林縣","麥寮鄉","雲林縣麥寮鄉","34554",34763,34929,35001,34817,34612,33945,33322,32687,31789,31863,31820,31960,31722,31932,32118,32614,32717,32527,32277,32436,32599,32566,32613,32748,32968,33279,34036,35053,37029,39147,41096,42526,43880,44600,45126,45665,46196,47196
"雲林縣","東勢鄉","雲林縣東勢鄉","22649",22529,22441,22274,22150,21568,20950,20376,20064,19763,19874,19844,20040,20039,20037,20045,19960,19838,19617,19308,19101,18904,18667,18486,18296,17901,17616,17370,17170,16780,16379,16100,15810,15865,15391,15120,14893,14766,14416
"雲林縣","褒忠鄉","雲林縣褒忠鄉","17595",17449,17426,17421,17299,17072,16876,16465,16242,15956,15918,15870,15997,15844,15743,15714,15946,15853,15784,15550,15476,15414,15289,15231,15111,14981,14813,14624,14623,14251,13997,13869,13706,13605,13349,13167,13010,12912,12682
"雲林縣","臺西鄉","雲林縣臺西鄉","35324",35360,35100,34800,34525,34060,33557,32863,32000,31602,31430,31277,31202,31007,30720,30405,30494,29912,29587,29230,29238,29079,28534,28077,28152,27676,27468,26986,26563,26223,25662,25068,24897,24995,24576,24212,23954,23730,23312
"雲林縣","元長鄉","雲林縣元長鄉","39037",38727,38584,38208,37699,37233,36426,35542,34970,34640,34214,34151,34158,33690,33604,33409,33003,32793,32439,31926,31940,31674,31366,30993,30710,30150,29739,29388,29325,28795,28367,28002,27640,27307,26857,26361,25980,25643,25118
"雲林縣","四湖鄉","雲林縣四湖鄉","39779",39471,39108,38637,38161,37336,36478,35335,34269,33598,33479,33315,33239,32939,32974,32400,31524,31166,30694,30081,29855,29907,29382,28885,28456,27946,27583,27462,27252,26694,26316,25907,25501,25415,24742,24151,23667,23209,22749
"雲林縣","口湖鄉","雲林縣口湖鄉","40323",40084,39684,39573,39444,39068,38170,37400,36841,36209,35906,35525,35719,35296,35119,34785,34939,34187,33759,33323,33254,33360,33124,32569,32131,31515,31031,31030,30894,30392,29898,29646,29344,29017,28489,28074,27653,27276,26830
"雲林縣","水林鄉","雲林縣水林鄉","41331",40693,40339,39831,39281,38501,37756,36963,36506,35702,35397,34929,35011,34556,34440,34009,33885,33381,32932,32518,32286,31875,31493,30955,30600,30112,29820,29542,29485,28946,28303,27828,27285,27017,26525,26071,25624,25308,24744
"嘉義縣","太保市","嘉義縣太保市","27151",27340,27454,27533,27326,27288,27068,26968,26920,27231,27651,28041,28706,29572,29862,30313,30823,31454,32036,32854,33302,33732,34330,34597,35066,35180,35669,35896,36210,36685,36673,36946,37023,37038,37212,37497,37781,38069,38301
"嘉義縣","朴子市","嘉義縣朴子市","46855",46613,46646,46594,46356,45892,45408,45051,44721,44771,45046,45018,44985,44826,44790,44667,44530,44295,44229,44107,44296,44158,44166,44057,44463,44329,44222,44281,44326,44093,43895,43855,43599,43250,42956,42585,42382,42112,41855
"嘉義縣","布袋鎮","嘉義縣布袋鎮","41892",41446,40994,40513,39995,39345,38650,38106,37395,36835,36645,36183,35874,35465,34911,34698,34511,34091,33611,33351,33414,33160,32770,32480,32274,31667,31372,30888,30824,30216,29664,29244,28701,28423,27954,27509,27143,26773,26381
"嘉義縣","大林鎮","嘉義縣大林鎮","39861",39426,38995,38574,38345,37829,37398,36756,36355,36343,36382,36521,36963,36950,36972,36724,36651,36503,36238,36205,36144,35985,35648,35309,34938,34666,34382,34101,33982,33635,33207,32917,32593,32159,31697,31379,31198,30896,30684
"嘉義縣","民雄鄉","嘉義縣民雄鄉","52699",54148,55550,56326,56660,56889,57145,57499,58089,59077,60082,61289,62899,64552,66174,67457,68243,69328,69862,70625,71034,71605,71857,72451,72556,72836,72762,72641,72793,72539,72451,72286,72096,71903,71862,71834,71693,71367,71362
"嘉義縣","溪口鄉","嘉義縣溪口鄉","21425",21115,20850,20521,20356,19999,19544,19187,18975,18852,18744,18639,18851,18658,18615,18618,18974,18365,18115,17929,17782,17652,17490,17273,17371,17051,16812,16695,16563,16269,16015,15823,15546,15393,15113,14933,14751,14592,14283
"嘉義縣","新港鄉","嘉義縣新港鄉","38962",38784,38460,38136,37699,37333,36988,36423,36145,35917,36007,36044,36135,36344,36542,36558,36241,36059,35929,36221,36065,36110,35969,35815,35724,35488,35363,35149,34995,34676,34231,33830,33507,33186,32797,32385,31935,31723,31420
"嘉義縣","六腳鄉","嘉義縣六腳鄉","36931",36393,35763,35077,34558,33787,32895,32342,31789,31430,31337,31231,31029,30969,30673,30653,30296,29945,29540,29152,28879,28582,28293,27939,27787,27645,27327,27041,26890,26379,25903,25356,24947,24613,24202,23787,23318,22960,22540
"嘉義縣","東石鄉","嘉義縣東石鄉","39464",38807,38246,37584,36912,36180,35513,34575,33974,33549,33328,32718,32794,32282,32091,31649,31465,30773,30267,29957,30118,29855,29718,29399,29374,28978,28761,28399,28224,27741,27202,26713,26305,26235,25751,25307,24969,24580,24194
"嘉義縣","義竹鄉","嘉義縣義竹鄉","30088",29742,29323,28979,28420,27706,27000,26426,26093,25877,25655,25473,25517,25175,24910,24507,24749,24082,23694,23306,23827,22934,22667,22303,22407,22020,21880,21671,21617,21129,20653,20158,19856,19578,19258,18822,18486,18242,17883
"嘉義縣","鹿草鄉","嘉義縣鹿草鄉","22976",22728,22478,22141,21731,21327,20916,20549,20199,19920,19777,19726,20016,19675,19497,19265,19044,18782,18483,18260,18159,18052,17827,17727,17661,17529,17512,17429,17405,17232,17022,16832,16652,16384,16119,15808,15577,15358,15118
"嘉義縣","水上鄉","嘉義縣水上鄉","46569",47989,48820,49009,49017,49040,49062,49499,49628,50181,50802,51416,52282,53317,54073,54266,55090,55722,55170,55395,55411,55724,55483,55276,54533,54061,53498,53130,52562,52274,51793,51497,51289,50726,50431,50084,49744,49316,49195
"嘉義縣","中埔鄉","嘉義縣中埔鄉","38925",39901,40723,41769,42239,42737,43125,43614,44091,45000,45545,45797,46417,47201,47473,47806,48480,48458,48365,48435,48301,48452,48340,48157,48069,48219,48039,47840,47790,47579,47291,47025,46694,46156,45724,45395,44974,44584,44325
"嘉義縣","竹崎鄉","嘉義縣竹崎鄉","41960",42172,42249,42565,42514,42379,42099,41797,41444,41561,41771,42223,42261,42401,42367,41991,41778,41580,41434,41288,41189,41210,40916,40576,40130,39721,39460,39155,38962,38608,38179,37923,37372,36924,36546,36226,35962,35584,35207
"嘉義縣","梅山鄉","嘉義縣梅山鄉","25561",25480,25477,25365,25207,24891,24678,24566,24525,24365,24462,24461,24488,24592,24438,24127,23966,23845,23639,23433,23453,23249,23128,22874,22778,22515,22332,22184,22049,21634,21171,20842,20576,20304,20010,19800,19475,19282,18963
"嘉義縣","番路鄉","嘉義縣番路鄉","12877",12499,12501,12452,12376,11703,11378,11243,11348,11456,11558,11697,11854,11967,12075,12198,12455,12309,12170,12085,12054,12095,12037,11958,12051,11885,11778,11619,11730,11684,11881,12227,12174,12089,11865,11695,11599,11430,11262
"嘉義縣","大埔鄉","嘉義縣大埔鄉","4019",3961,4059,3936,4206,3987,3931,3807,4200,3804,3730,3792,5433,3984,3833,3756,3928,3764,3626,3547,3815,3644,3542,3524,3733,3900,4011,4434,4572,4649,4554,4547,4567,4658,4621,4610,4564,4603,4596
"嘉義縣","阿里山鄉","嘉義縣阿里山鄉","6236",6158,6124,6085,6015,6026,6098,6129,6109,6108,6224,6311,6393,6451,6508,6447,6471,6378,6254,6155,6122,6195,6229,6188,6186,6151,6165,6178,6222,6226,6157,5702,5732,5764,5721,5664,5631,5597,5544
"屏東縣","屏東市","屏東縣屏東市","189347",192232,195288,198237,200441,202079,204990,206991,207970,210801,212335,213309,214304,214728,215096,214627,214628,214313,214727,215282,215245,215584,216338,216777,216708,216425,215962,214987,213614,211027,209416,207862,205945,203866,202562,201644,200452,199606,198990
"屏東縣","潮州鎮","屏東縣潮州鎮","53122",53584,53869,54247,54236,54302,54393,54549,54242,54735,55184,55717,55975,56675,57411,57915,57813,57770,57795,57879,57835,57727,57644,57621,57202,56973,56896,56781,55969,55456,55312,55205,55207,54738,54719,54703,54377,53893,53831
"屏東縣","東港鎮","屏東縣東港鎮","44836",45468,45752,46197,46581,46653,46879,47039,46756,46819,46892,47072,47118,47869,48230,48798,48755,49454,49572,49753,49271,49889,50119,50188,50151,50313,50524,50360,50234,50141,49568,49185,48585,48262,48058,48097,47866,47613,47161
"屏東縣","恆春鎮","屏東縣恆春鎮","36517",36520,35914,35265,34360,33452,32715,32134,31857,31915,31936,32031,32210,31962,31869,31640,31552,31352,31304,31225,31452,31608,31687,31625,31431,31314,31288,31143,31170,31165,30867,30758,30823,30859,30874,30783,30726,30818,30662
"屏東縣","萬丹鄉","屏東縣萬丹鄉","48359",48507,48658,48860,48993,48847,48671,49017,49288,49814,50314,51122,51887,52620,53224,53682,53887,54259,54394,54499,54473,54513,54612,54532,54437,54433,54542,54521,54309,53980,53515,53125,52536,52085,51647,51261,50935,50514,50427
"屏東縣","長治鄉","屏東縣長治鄉","28074",28377,28384,28316,28270,27768,27400,27106,26998,27264,27618,27926,28392,28830,29208,29850,30087,30241,30356,30305,30516,30544,30721,30772,30884,30939,30983,30994,30979,30944,30686,30600,30488,30429,30305,30159,30008,29677,29536
"屏東縣","麟洛鄉","屏東縣麟洛鄉","11310",11344,11174,11280,11222,11151,10936,10860,10706,10890,11154,11344,11336,11431,11746,11828,11892,12011,12043,12072,12060,11981,11920,11792,11819,11716,11694,11619,11649,11516,11406,11301,11303,11313,11231,11125,11076,11036,10906
"屏東縣","九如鄉","屏東縣九如鄉","21075",21142,21234,21161,21323,21098,20981,21062,21116,21086,21325,21452,21713,21979,22480,22914,23151,23202,23333,23577,23545,23439,23475,23491,23315,23257,23226,23092,23004,22859,22689,22563,22408,22172,22090,22083,22110,22061,21989
"屏東縣","里港鄉","屏東縣里港鄉","26576",26857,26878,26879,26773,26661,26380,26318,26264,26474,26588,26729,26951,27044,27247,27562,27578,27445,27295,27201,27255,27132,27030,26862,26811,26617,26489,26317,26231,25923,25759,26282,26506,26814,27040,26995,26459,26044,25853
"屏東縣","鹽埔鄉","屏東縣鹽埔鄉","28032",28101,27995,28084,27896,27533,27436,27510,27594,27742,27820,28080,28500,28750,28843,28808,28838,28743,28809,28583,28772,28632,28435,28313,28175,27952,27778,27576,27479,27317,27036,26802,26660,26629,26361,26199,25997,25719,25332
"屏東縣","高樹鄉","屏東縣高樹鄉","34456",34162,33985,33695,33247,32376,31707,30900,30414,30291,30438,31132,30967,30915,30907,30716,30416,30027,29728,29426,29208,29028,28717,28307,28093,27819,27533,27325,27226,26797,26331,25999,25682,25520,25163,24882,24622,24384,24006
"屏東縣","萬巒鄉","屏東縣萬巒鄉","26960",26831,26773,26632,26267,25838,25427,25202,25116,25019,25052,24919,25116,25128,25189,25044,24770,24585,24412,24222,24055,23808,23567,23424,23144,22907,22694,22457,22282,21973,21635,21391,21164,20918,20765,20609,20556,20593,20473
"屏東縣","內埔鄉","屏東縣內埔鄉","60601",61272,62335,62531,62643,62415,62829,62666,62526,62312,62386,62554,62635,62780,63231,63520,63064,62887,62693,62706,62320,61829,61402,60867,60368,59960,59441,59105,58685,57955,57508,57070,56550,56148,55644,55181,54707,54115,53583
"屏東縣","竹田鄉","屏東縣竹田鄉","20596",20484,20376,20301,20284,20045,19692,19260,19125,19076,19404,19493,19667,19801,19663,19698,19655,19471,19467,19382,19314,19198,19063,18943,18789,18696,18491,18487,18474,18425,18169,18041,17806,17719,17544,17351,17158,17119,16863
"屏東縣","新埤鄉","屏東縣新埤鄉","14166",14089,13942,13935,13778,13600,13308,12937,12780,12768,12642,12590,12621,12459,12394,12269,12140,12005,11996,11864,11864,11781,11614,11422,11309,11145,11097,10904,10913,10706,10532,10373,10243,10232,10058,9927,9936,9981,9737
"屏東縣","枋寮鄉","屏東縣枋寮鄉","33202",33161,33107,32922,32674,32517,32196,31853,31550,31501,31422,31433,31376,31091,31077,30936,30578,30197,30026,29786,29474,29200,28955,28585,28109,27632,27419,27137,26986,26628,26218,25971,25693,25482,25120,24826,24571,24323,24023
"屏東縣","新園鄉","屏東縣新園鄉","40705",41335,41656,41611,41675,41929,41905,41737,41374,41265,41636,42148,42100,42240,42187,41994,41943,41966,41554,41523,41372,41306,41132,40815,40549,40003,39486,39188,38980,38300,37819,37429,37117,36692,36217,35680,35321,34880,34468
"屏東縣","崁頂鄉","屏東縣崁頂鄉","14326",14309,14213,14155,14072,13925,13815,13787,13885,13965,13846,13964,14067,13991,13958,14051,14431,14788,15138,15305,15320,15374,15514,15788,16350,16809,17058,17042,17335,17379,17053,16680,16429,16374,16155,15916,15720,15519,15419
"屏東縣","林邊鄉","屏東縣林邊鄉","22902",22860,23910,23991,24135,23905,23623,23466,23292,23446,23674,23820,23898,23912,23840,23790,23602,23365,23130,22953,22795,22562,22232,21850,21725,21491,21305,21101,21143,20854,20286,19909,19573,19235,18896,18317,18080,17795,17583
"屏東縣","南州鄉","屏東縣南州鄉","15031",14998,14996,14881,14887,14695,14443,14237,14229,14247,14295,14287,14216,14182,14066,13938,13833,13691,13390,13316,13265,13122,12894,12673,12580,12304,12168,12016,11919,11700,11522,11276,11130,11026,10857,10808,10670,10639,10513
"屏東縣","佳冬鄉","屏東縣佳冬鄉","26630",26514,26298,26174,26013,25883,25604,25391,24906,24794,24689,24611,24495,24470,24420,24334,24116,23851,23717,23500,23424,23139,22967,22815,22414,22070,21787,21711,21715,21377,21030,20799,20538,20247,19905,19689,19380,19121,18846
"屏東縣","琉球鄉","屏東縣琉球鄉","15558",15492,15291,15229,15234,15080,14822,14677,14602,14169,13898,13463,13671,13161,12886,12619,13800,12562,12472,12514,14485,13316,13215,13139,13289,12813,12652,12550,12620,12300,12169,12145,12415,12675,12517,12423,12337,12364,12232
"屏東縣","車城鄉","屏東縣車城鄉","15284",15187,14935,14615,14390,14096,13584,13221,12977,12832,12646,12395,12187,12027,11905,11619,11424,11199,10968,10862,11014,10915,10639,10460,10436,10260,10082,9954,9999,9625,9410,9196,9106,9121,8917,8741,8586,8577,8403
"屏東縣","滿州鄉","屏東縣滿州鄉","11236",11122,11080,10797,10776,10458,10219,9908,9788,9642,9451,9363,9378,9371,9269,9153,9174,9156,9017,8827,9175,8930,8726,8591,8981,8786,8675,8541,8679,8453,8256,8243,8124,8126,7999,7847,7840,7968,7686
"屏東縣","枋山鄉","屏東縣枋山鄉","8472",8365,8176,8006,7891,7799,7640,7533,7318,7132,7058,6938,6956,6991,6826,6784,7046,6831,6765,6665,6771,6609,6486,6333,6388,6328,6240,6156,6180,6062,5919,5855,5775,5749,5644,5535,5478,5498,5349
"屏東縣","三地門鄉","屏東縣三地門鄉","6950",6934,6942,6907,6879,6742,6607,6608,6638,6704,6754,6787,7020,6986,6984,7050,7229,7280,7250,7193,7435,7449,7321,7250,7396,7301,7234,7306,7556,7573,7548,7522,7566,7784,7701,7662,7644,7697,7673
"屏東縣","霧臺鄉","屏東縣霧臺鄉","3295",3290,3236,3185,3144,3027,2924,2835,3195,2940,2838,2758,3037,2877,2812,2853,3358,3013,2845,2775,3120,2961,2879,2755,2858,2839,2737,2684,2915,2978,2966,3106,3199,3435,3329,3285,3246,3354,3295
"屏東縣","瑪家鄉","屏東縣瑪家鄉","6051",6016,6001,5947,5875,5819,5731,5686,5680,5873,5916,6025,6099,6156,6068,6123,6260,6257,6273,6251,6344,6380,6412,6419,6561,6571,6531,6430,6537,6544,6550,6584,6598,6718,6769,6773,6746,6829,6787
"屏東縣","泰武鄉","屏東縣泰武鄉","4718",4712,4674,4653,4626,4606,4557,4404,4403,4498,4547,4585,4677,4717,4708,4790,4776,4774,4814,4764,4821,4909,4901,4875,5032,4971,4918,4919,5122,5099,5089,5062,5131,5289,5217,5262,5271,5392,5408
"屏東縣","來義鄉","屏東縣來義鄉","7465",7474,7444,7453,7458,7473,7435,7469,7491,7560,7610,7688,7797,7840,7868,7960,7975,8007,8071,7965,8011,8048,8018,7938,7905,7886,7791,7694,7883,7764,7688,7651,7610,7648,7570,7494,7465,7433,7427
"屏東縣","春日鄉","屏東縣春日鄉","5238",5222,5187,5158,5139,5180,5186,5213,5181,5205,5232,5220,5278,5264,5345,5314,5284,5249,5180,5123,5121,5090,5081,5043,5042,5026,5001,4927,4866,4821,4842,4831,4823,4866,4806,4855,4867,4909,4944
"屏東縣","獅子鄉","屏東縣獅子鄉","5188",5201,5182,5204,5201,5256,5215,5107,5007,5184,5250,5232,5283,5325,5296,5287,5283,5238,5214,5139,5113,5091,5079,5022,5035,5023,4971,4949,4983,4873,4815,4789,4776,4882,4806,4827,4806,4954,4912
"屏東縣","牡丹鄉","屏東縣牡丹鄉","5829",5804,5729,5702,5598,5506,5402,5374,5284,5319,5326,5304,5501,5538,5590,5384,5426,5351,5267,5153,5119,5084,4977,4912,5014,4965,4870,4865,5004,4995,4920,4836,4777,4864,4767,4853,4926,4981,4867
"臺東縣","臺東市","臺東縣臺東市","110721",111312,110702,110747,111206,110461,109358,108258,108127,108196,108086,108353,108606,109189,110095,110921,111646,111060,111039,110941,110894,110899,110916,110920,110690,110559,110204,109839,109576,108870,108310,107720,107316,106929,106759,106368,105960,105573,105202
"臺東縣","成功鎮","臺東縣成功鎮","24070",23794,23574,23213,22902,22548,22060,21485,20959,20770,20643,20499,20287,20205,20394,20250,19786,19366,19075,18687,18469,18234,17828,17438,17087,16713,16422,16189,15984,15810,15542,15253,15051,14943,14652,14411,14238,14059,13748
"臺東縣","關山鎮","臺東縣關山鎮","13636",13883,13673,13374,13142,12834,12423,12161,11951,12011,11947,11877,11976,11839,11808,11725,11562,11333,11224,11020,10962,10821,10624,10421,10297,10095,9987,9880,9849,9715,9559,9425,9268,9111,8923,8811,8742,8703,8575
"臺東縣","卑南鄉","臺東縣卑南鄉","24420",24333,24128,23781,23334,22747,23001,21902,21964,21716,21534,21015,20931,20999,20810,20699,20539,20496,20367,20162,20057,19926,19649,19408,19033,18745,18447,18324,18379,18231,18055,17834,17763,17700,17507,17443,17399,17269,17132
"臺東縣","大武鄉","臺東縣大武鄉","8403",8283,8212,8140,8152,7953,7757,7609,7558,7453,7350,7273,7308,7232,7019,6988,7006,6997,6767,6660,6739,6942,8100,7638,7730,7372,7085,6890,7160,7012,6790,6632,6531,6565,6324,6238,6117,6046,5851
"臺東縣","太麻里鄉","臺東縣太麻里鄉","16036",16082,16034,15883,15765,15561,15159,14898,14663,14570,14503,14522,14561,14495,14454,14468,14150,13871,13690,13435,13348,13277,13104,12829,12586,12413,12210,12136,12094,12014,11823,11669,11595,11507,11374,11304,11163,11147,10984
"臺東縣","東河鄉","臺東縣東河鄉","17206",17200,17593,17021,17108,16705,15536,14029,13743,13512,13629,14076,14180,13805,13257,12915,12491,12036,11636,11240,10998,10873,10605,10330,10224,9915,9729,9532,9523,9329,9222,9108,8992,9000,8847,8686,8517,8479,8349
"臺東縣","長濱鄉","臺東縣長濱鄉","15134",15069,14776,14558,14339,14007,13649,13252,12971,12633,12368,12245,12212,12104,11950,11726,11567,11138,10819,10480,10228,10024,9710,9469,9206,8987,8839,8611,8477,8291,8031,7869,7733,7756,7579,7399,7260,7182,7021
"臺東縣","鹿野鄉","臺東縣鹿野鄉","13144",13034,12748,12524,12370,12167,11741,11273,11068,11120,11027,11210,11113,10816,10738,10635,10457,10298,10169,9971,9809,9745,9550,9452,9457,9128,8940,8747,8676,8584,8403,8304,8229,8202,8107,8018,7951,7875,7744
"臺東縣","池上鄉","臺東縣池上鄉","14109",13999,13911,13702,13423,13043,12692,12288,12030,11933,11772,11696,11718,11666,11595,11551,11368,11117,10914,10715,10508,10397,10180,9953,9893,9650,9478,9366,9356,9196,9012,8824,8679,8591,8488,8375,8248,8199,8141
"臺東縣","綠島鄉","臺東縣綠島鄉","3797",3922,4059,4098,4365,4367,4037,3076,3295,3337,3546,3144,3043,2802,2634,2513,2810,2743,2717,2799,3246,3289,3201,3132,3145,3026,3093,3156,3331,3358,3400,3462,3580,3808,3775,3724,3926,4097,4045
"臺東縣","延平鄉","臺東縣延平鄉","4478",4445,4461,4419,4374,4284,4231,4157,4135,4074,4017,3976,4004,3946,3929,3891,3863,3815,3764,3708,3729,3769,3692,3720,3768,3703,3629,3566,3621,3599,3560,3551,3552,3614,3575,3523,3551,3628,3540
"臺東縣","海端鄉","臺東縣海端鄉","5154",5136,5124,5176,5174,5168,5088,5122,5056,4989,5022,5050,5058,5030,4976,4954,4927,4871,4862,4823,4786,4742,4692,4674,4654,4619,4576,4537,4535,4510,4408,4379,4363,4378,4322,4283,4222,4186,4120
"臺東縣","達仁鄉","臺東縣達仁鄉","4593",4576,4552,4512,4444,4343,4307,4258,4224,4194,4170,4193,4233,4259,4267,4185,4341,4308,4245,4170,4203,4141,4047,3959,3990,3815,3739,3722,4103,4095,3965,3832,3762,3721,3589,3524,3518,3580,3499
"臺東縣","金峰鄉","臺東縣金峰鄉","3323",3313,3342,3300,3324,3325,3345,3300,3256,3281,3262,3228,3299,3341,3426,3416,3437,3395,3369,3358,3401,3441,3388,3373,3422,3348,3322,3329,3526,3560,3519,3520,3502,3669,3586,3612,3653,3739,3703
"臺東縣","蘭嶼鄉","臺東縣蘭嶼鄉","2876",2917,2940,2952,2967,2964,2979,3005,3016,3014,3011,3005,3007,2990,3023,2994,3052,3093,3144,3143,3235,3445,3556,3657,3761,3869,3960,4025,4307,4499,4691,4870,4905,4976,5045,5083,5075,5157,5127
"花蓮縣","花蓮市","花蓮縣花蓮市","103625",104013,103994,103795,105177,106265,106658,107255,106921,107552,107504,107090,107441,107824,108192,108414,109095,108777,108407,107815,108103,107525,108145,109324,109582,109573,109847,110035,109945,109251,108755,108077,107281,106368,105724,105034,104380,103841,103404
"花蓮縣","鳳林鎮","花蓮縣鳳林鎮","19636",19464,19129,18809,18395,18014,17345,16972,16564,16293,15993,15912,15740,15653,15399,15208,14923,14565,14273,14027,13831,13634,13427,13113,13022,12680,12451,12308,12174,11957,11712,11532,11397,11237,11115,11004,10861,10846,10802
"花蓮縣","玉里鎮","花蓮縣玉里鎮","41592",41478,41424,41246,40867,40428,39476,38620,37694,37076,36789,36455,35588,35038,34507,34323,33701,33494,32984,32319,31822,31202,30718,29860,29363,28659,28138,27685,27279,26879,26452,26055,25695,25396,25013,24740,24345,24007,23648
"花蓮縣","新城鄉","花蓮縣新城鄉","18236",18849,19555,19770,19494,19135,19067,18886,18674,19113,19286,19510,19791,20184,20406,20334,20455,20479,20517,20554,20702,20978,21215,21042,21032,20822,20501,20322,20324,20206,20130,20131,20148,20286,20216,20274,20185,20159,20083
"花蓮縣","吉安鄉","花蓮縣吉安鄉","49681",51509,53057,54746,55711,55902,55944,56205,58077,60669,63023,65909,67360,68618,70156,71374,72130,73632,75202,76577,76953,77916,78401,78018,77869,78739,78922,79048,79445,79688,80464,81325,82157,82577,83240,83656,83747,83221,83583
"花蓮縣","壽豐鄉","花蓮縣壽豐鄉","25282",25289,25046,24761,24436,23848,22934,22415,21996,21801,21520,21457,21530,21642,21466,21225,21229,20899,20702,20594,20498,20436,20298,20198,20029,19641,19325,19111,18908,18660,18494,18265,18109,18237,18195,18146,18043,17949,17820
"花蓮縣","光復鄉","花蓮縣光復鄉","21375",21209,20975,20920,20660,20110,19910,19498,19104,18995,18809,18910,18820,18295,18140,17947,17566,17279,16988,16507,16309,16114,15825,15551,15325,14930,14680,14388,14271,14120,13837,13613,13459,13395,13219,13032,12888,12789,12536
"花蓮縣","豐濱鄉","花蓮縣豐濱鄉","8747",8721,8639,8590,8486,8382,8090,8049,7875,7704,7634,7564,7455,7381,7326,7203,7096,6839,6615,6405,6345,6138,5939,5694,5619,5472,5356,5174,5135,5065,4857,4668,4632,4706,4541,4439,4383,4752,4476
"花蓮縣","瑞穗鄉","花蓮縣瑞穗鄉","18649",18701,18844,18825,18640,18449,17987,17580,17160,16993,16895,16803,16787,16676,16591,16142,16018,15796,15520,15208,14859,14671,14420,14149,13919,13620,13380,13163,13086,12863,12588,12372,12170,12107,11926,11757,11653,11668,11433
"花蓮縣","富里鄉","花蓮縣富里鄉","19827",19626,19577,19298,19096,18560,17782,17151,16638,16211,16002,15850,16162,15910,15871,15596,15136,14228,13986,13526,13510,13448,13191,12841,12478,12282,12049,11811,11869,11667,11387,11189,10966,10849,10633,10557,10413,10277,10161
"花蓮縣","秀林鄉","花蓮縣秀林鄉","14565",14660,14480,14660,14366,14224,14173,14089,14101,14070,14355,14428,14959,15211,15183,15131,15149,15213,15316,15283,15460,15494,15312,15280,15115,15005,14951,14904,15107,15244,15173,15167,15267,15494,15666,15796,15889,15939,15953
"花蓮縣","萬榮鄉","花蓮縣萬榮鄉","8000",8029,8023,8020,8001,7872,7853,7819,7748,7820,7788,7860,7957,7914,7895,8004,7942,7927,7837,7675,7635,7610,7398,7321,7224,7216,7137,7027,7001,6856,6756,6612,6495,6530,6420,6440,6384,6419,6313
"花蓮縣","卓溪鄉","花蓮縣卓溪鄉","8315",8343,8274,8234,8220,8151,8164,8038,7939,7936,7892,7861,7874,7901,7849,7759,7637,7473,7339,7140,7112,6988,6857,6758,6721,6664,6565,6457,6420,6349,6233,6184,6121,6210,6037,6036,6066,6101,6035
"澎湖縣","馬公市","澎湖縣馬公市","55567",55738,55459,55304,55177,55091,54677,54102,53320,53600,53531,53595,53398,53049,52639,52218,50913,52105,52229,52722,53132,53848,54009,53997,54049,53942,54566,55126,56435,57061,57468,58490,59502,60335,60924,61740,62308,62610,62999
"澎湖縣","湖西鄉","澎湖縣湖西鄉","15680",15550,15289,15116,14813,14492,14159,14376,14550,14364,14551,14741,15086,13930,13286,12980,13122,12786,12619,12673,12943,13114,13035,12933,12976,12933,12860,13017,13520,13660,13699,13915,14221,14315,14413,14435,14508,14594,14997
"澎湖縣","白沙鄉","澎湖縣白沙鄉","11346",11184,11067,10928,10730,10452,10143,10041,9907,9920,9798,9664,9636,9311,9144,8977,9386,8992,8995,9003,9559,9559,9446,9253,9354,9219,9176,9202,9458,9471,9412,9491,9591,9799,9710,9799,9817,9827,9833
"澎湖縣","西嶼鄉","澎湖縣西嶼鄉","11413",11300,11134,11023,10971,10763,10456,10217,9949,9877,9634,9451,9384,9126,8973,8742,9127,8528,8361,8264,8593,8507,8420,8308,8309,8163,8171,8177,8483,8437,8354,8354,8403,8438,8417,8403,8408,8349,8306
"澎湖縣","望安鄉","澎湖縣望安鄉","6686",6489,6280,6013,5921,5642,5304,4877,4645,4406,4217,4052,4119,3845,3624,4000,5211,4000,3790,3840,4946,4321,4194,4190,4587,4393,4426,4502,4743,4747,4661,4995,5021,5117,5091,5131,5176,5235,5273
"澎湖縣","七美鄉","澎湖縣七美鄉","4982",4911,4854,4791,4670,4487,4267,4131,3951,3765,3715,3582,3665,3384,3271,3170,3410,3052,3019,2994,3095,3097,3149,3127,3214,3135,3191,3284,3571,3542,3563,3598,3662,3754,3749,3755,3856,3825,3799
"基隆市","中正區","基隆市中正區","63839",63169,62803,62574,61869,61761,61788,61728,61956,62220,62310,62168,61910,61819,61654,60507,60159,59734,59549,59498,59585,59498,59436,59127,58844,58029,57601,56803,56247,55271,54447,54020,53571,53094,52710,52572,52163,51670,51483
"基隆市","七堵區","基隆市七堵區","60283",63403,67371,69706,70375,71140,71926,49114,49605,50683,51885,53453,54495,55091,55787,56181,56033,55617,55889,56170,56069,55684,55526,55519,55251,55111,55169,55199,55496,55161,54711,54217,54041,53974,54060,54103,53972,53782,53732
"基隆市","暖暖區","基隆市暖暖區","22255",23089,23930,24502,24602,24670,24954,25024,25405,26039,26540,27249,28062,28999,30670,33191,35819,35848,36725,37572,38244,38245,38433,38500,38372,38548,38469,38210,38095,37958,37943,37851,37860,38188,38379,38407,38708,38619,38535
"基隆市","仁愛區","基隆市仁愛區","71692",70873,69386,68068,67510,66254,65278,64837,64678,63549,62902,62392,62163,60579,58662,56438,54198,53796,52286,51074,50341,49607,49048,48588,49327,49981,50362,50340,50400,49581,48717,47741,47034,46244,45626,45021,44314,43730,43201
"基隆市","中山區","基隆市中山區","40875",39437,37746,36065,35033,33796,32563,49233,49016,49162,49377,49369,49074,48874,49528,50291,51183,51707,52444,53308,54097,54457,54496,54141,53784,52973,52330,51908,51574,50909,50297,49794,49254,48733,48397,48115,47908,47398,46897
"基隆市","安樂區","基隆市安樂區","47830",48742,49712,50549,50929,51132,51385,58038,58564,59434,60333,61821,63417,65294,67404,70580,74374,77296,79059,80664,81900,83418,84237,85025,84954,84904,85303,85117,84859,84017,82779,82285,81906,81580,81329,82014,82358,82294,82267
"基隆市","信義區","基隆市信義區","41054",40973,40759,41202,41206,40863,40647,40698,41059,41832,42547,43030,43916,43864,45066,47011,47604,48120,49249,50139,50730,50541,51066,51437,51195,51087,51163,51402,51650,51237,51033,51245,51248,51264,51604,51868,52035,52662,52778
"新竹市","東區","新竹市東區","243218",288880,292740,297324,304010,306088,309899,314626,319197,155809,157676,158665,159925,161067,162463,165436,169041,170060,172098,175176,177796,180958,183381,185530,186903,187962,190163,192396,194927,197254,200092,203119,204578,206843,208142,209826,212553,215566,217841
"新竹市","北區","新竹市北區",NA,NA,NA,NA,NA,NA,NA,NA,NA,118676,120338,121995,122472,122221,121494,122713,123497,124567,126350,128325,129742,130809,131919,133497,135275,137630,139039,141823,144484,145441,146212,147561,148041,148753,149156,149993,150636,151679,152351
"新竹市","香山區","新竹市香山區","41519",NA,NA,NA,NA,NA,NA,NA,NA,49941,50897,52047,53063,54852,56298,57805,59262,61616,63510,64938,65758,67030,67597,67923,68514,69165,69833,71152,72176,72649,73748,74391,75864,76392,76762,77518,77943,78390,78611
"嘉義市","東區","嘉義市東區",NA,252376,252906,253016,253573,254001,254875,255994,256165,129062,130002,130704,130108,130311,130082,130021,128818,128979,130052,130112,130754,131286,132362,132115,128921,128482,128497,128284,127736,125297,124495,124242,123821,123370,122900,122462,122103,121162,120825
"嘉義市","西區","嘉義市西區",NA,NA,NA,NA,NA,NA,NA,NA,NA,128535,128466,127994,128491,130057,131309,132839,134004,134071,135057,136071,137239,136621,137232,138226,142780,143882,144578,145509,146125,147093,147031,146978,147051,147513,147466,147412,147295,147460,146865
"金門縣","金城鎮","金門縣金城鎮","16564",16615,16665,16539,16275,15933,15373,14922,14598,14493,14878,15138,15562,15807,15978,16130,17068,17158,17394,18201,19327,19988,20784,22035,23892,25964,27954,28840,31563,32315,34245,36974,39062,40933,42344,42726,43285,43325,43253
"金門縣","金湖鎮","金門縣金湖鎮","8780",10672,10790,10809,10789,8141,10484,10194,10051,9991,7026,10207,10543,10642,10824,10939,11802,11452,11574,12001,12496,13027,13514,14228,15575,17149,18203,18720,20467,21328,22738,24623,26074,27368,28402,28833,29413,29856,30171
"金門縣","金沙鎮","金門縣金沙鎮","10535",8777,8691,8476,8320,10747,7735,7467,7261,7192,10096,7403,7763,7843,8017,8135,8597,8561,8660,8997,9531,9807,10054,10631,11567,12375,13035,13514,14851,15324,16301,17543,18567,19465,20107,20312,20535,20784,20802
"金門縣","金寧鄉","金門縣金寧鄉","8773",8684,8640,8458,8316,8050,7750,7424,7096,6897,7250,7181,7514,7769,8016,8100,8749,8719,8894,9273,9942,10285,10687,11436,12628,13821,14832,15588,17836,18938,20520,22939,25118,27307,28833,30006,30838,31765,32531
"金門縣","烈嶼鄉","金門縣烈嶼鄉","5408",5378,5285,5106,4977,4756,4498,4287,4127,4076,4094,4156,4320,4357,4469,4527,4738,4787,4826,4994,5248,5448,5580,5747,6103,6710,7091,7451,8580,8921,9515,10424,11236,11978,12450,12568,12700,12861,12749
"金門縣","烏坵鄉","金門縣烏坵鄉","188",194,191,171,169,152,147,133,116,105,98,85,105,98,90,93,126,383,383,366,414,378,364,379,499,472,432,457,506,538,564,608,656,672,663,669,685,682,679
"連江縣","南竿鄉","連江縣南竿鄉","4293",3912,3895,3806,3656,3555,3449,3314,3145,3027,3049,3454,3176,3196,3429,3437,4437,3717,3709,3870,5224,4896,5101,5505,6025,5846,5945,5798,5939,5904,6000,6780,7288,7496,7409,7382,7544,7663,7599
"連江縣","北竿鄉","連江縣北竿鄉","1873",1754,1651,1584,1567,1530,1474,1436,1376,1281,1246,1290,1200,1203,1226,1255,1869,1354,1324,1337,1866,1885,1774,1831,1932,1804,1824,1762,1755,1801,1864,2071,2268,2320,2333,2344,2360,2425,2595
"連江縣","莒光鄉","連江縣莒光鄉","1148",1049,1007,951,908,824,706,624,618,577,545,545,585,536,573,683,1337,813,754,746,873,1087,1036,1109,1420,1176,1180,1183,1166,1186,1163,1327,1438,1424,1535,1562,1624,1618,1543
"連江縣","東引鄉","連江縣東引鄉","885",796,785,782,795,784,782,784,759,700,707,669,642,631,628,686,776,771,773,780,888,895,895,914,968,960,997,1012,1059,1053,1079,1132,1171,1266,1270,1307,1352,1350,1352
